pfrid,team,position,full_name,First*(actual_fantasy_points),fantasy_points_FP,fantasy_points_NFL,fantasy_points_CBS,fox,fantasy_points2,min,max,avg,opp_def_rank_nf,fantasy_points_nf,fantasy_points_fd,salary_fd,value_fd,overall_rank_nf,position_rank_nf,Confidence,opponent,FFPts,Grade,FanDuel (Projected points),FanDuel (Price),FanDuel ($/point),FanDuel (Value),performance,variability,changevs,homeaway,#,QB,#(2),RB,#(3),RB-PPR,#(4),WR,#(5),WR-PPR,#(6),TE,#(7),TE-PP,#(8),K,#(9),OFF,#(10),OFF-PPR,#(11),DEF
BradTo00,NE,QB,Tom Brady,19.26,22.126,23.67,19.748,16.7,17.328,18.86,30.34,25.05777778,10,20.95,21.97,9200,2.39,1,1,20.95,BUF,20.9,A-Game,21.6,9200,425,2.35,21.57342857,11.48,-3.484349206,1,8,14.8,20,19.9,17,24.5,13,21.8,17,35.5,6,5.1,7,9.5,3,5.9,8,67.5,12,90.2,18,7.7
McMaBr01,DEN,K,Brandon McManus,6,8,10,8,,,6,26,17.44444444,25,9.78,9.8,4800,,1,1,9.78,CHI,7.3,B-Game,7.3,4800,661.8,1.51,8.951428571,20,-8.493015873,2,20,17.1,11,15.9,11,20.2,16,23.4,14,35.3,7,5.2,5,9.1,28,8.5,16,70.1,11,90.1,26,9.4
CarrDe02,OAK,QB,Derek Carr,19.28,18.537,17.2,16.468,21,21.199,3.24,29.12,19.59333333,27,20.88,21.5,7700,2.79,2,2,20.88,DET,18.2,A-Game,18.9,7700,407.3,2.45,19.195,25.88,-0.398333333,2,31,21,23,20.8,19,25.6,27,26.6,27,41.9,26,10.5,26,16,21,7.8,31,86.7,31,112.3,20,8.2
WalsBl00,MIN,K,Blair Walsh,24,8,7,8,,,3,25,16.88888889,21,9.36,9.36,4900,,2,2,9.36,GB,7.1,B-Game,7.1,4900,694.1,1.44,8.311428571,22,-8.577460317,1,26,18.5,16,18.5,16,23.2,25,25.5,22,38,17,8.3,16,13.3,10,6.4,21,77.2,21,99.4,1,3.9
HausSt00,SEA,K,Steven Hauschka,19,9,10,8,,,9,26,17.22222222,29,9.1,9.11,5000,,3,3,9.1,SF,8.1,A-Game,8.1,5000,617.2,1.62,8.915714286,17,-8.306507937,1,25,18.1,26,21.1,28,28.4,24,25.3,25,38.5,18,8.4,20,13.9,7,6.2,24,79.1,27,105,29,9.9
RodgAa00,GB,QB,Aaron Rodgers,22.12,18.205,24.44,14.948,17.9,18.345,6.18,34.92,21.76666667,16,19.5,20.46,8900,2.3,3,3,19.5,MIN,18.5,A-Game,18.9,8900,472,2.12,19.42185714,28.74,-2.344809524,2,14,16.5,7,15.7,6,19.6,10,21.2,12,33.8,20,9,22,14.3,11,6.4,10,68.8,13,90.7,7,6.4
PalmCa00,ARI,QB,Carson Palmer,21.32,18.859,18.91,18.902,15.6,17.012,16.98,30.56,21.39555556,11,19.09,19.91,8200,2.43,4,4,19.09,CIN,17.9,A-Game,18.8,8200,437,2.29,19.08014286,13.58,-2.315412698,1,2,13.5,15,17.1,14,22.9,7,18.2,8,29.2,11,6.3,15,12.8,6,6,2,61,5,84.4,6,6.2
PratMa20,DET,K,Matt Prater,9,8,10,8,,,4,33,13.875,31,9.02,9.04,4500,,4,4,9.02,OAK,7.1,B-Game,7.1,4500,630.8,1.59,8.597142857,29,-5.277857143,1,27,18.9,24,20.9,26,27.7,14,22,21,36.7,31,12.9,32,18.7,31,10,30,84.6,30,112,17,7.7
NewtCa00,CAR,QB,Cam Newton,20.98,17.84,21.96,20.719,19.3,16.463,13.5,34.58,22.34222222,15,18.81,19.63,8600,2.28,5,5,18.81,WAS,20.8,A-Game,21.7,8600,395.9,2.53,19.92414286,21.08,-2.418079365,1,13,16.5,8,15.8,7,19.7,20,24.3,13,35.1,9,5.5,10,10.3,13,6.8,11,68.9,7,88.4,12,6.9
SantCa01,KC,K,Cairo Santos,31,9,10,8,,,9,39,19.77777778,28,8.87,8.88,5000,,5,5,8.87,SD,7.4,B-Game,7.4,5000,674.4,1.48,8.717142857,30,-11.06063492,2,19,17,32,25.3,32,30.8,8,18.9,7,28.7,25,9.6,21,14.3,29,8.8,25,79.6,22,99.5,24,8.9
SuccRy44,TEN,K,Ryan Succop,10,5,10,5,,,6,30,14.55555556,23,8.73,8.74,4500,,7,7,8.73,JAX,6.7,B-Game,6.7,4500,673.1,1.49,7.557142857,24,-6.998412698,2,21,17.2,22,20.6,27,27.8,15,22,16,35.5,23,9.3,23,14.5,24,8.2,22,77.3,25,103.1,30,10.6
WilsRu00,SEA,QB,Russell Wilson,17.8,14.712,15.75,15.676,21.5,18.535,13.4,23.04,16.57111111,29,18.68,19.44,7600,2.56,7,7,18.68,SF,17.8,A-Game,18.6,7600,409.3,2.44,17.36257143,9.64,0.791460317,1,25,18.1,26,21.1,28,28.4,24,25.3,25,38.5,18,8.4,20,13.9,7,6.2,24,79.1,27,105,29,9.9
CarpDa44,BUF,K,Dan Carpenter,17,8,10,8,,,11,32,19,14,8.33,8.36,4700,,8,8,8.33,NE,6.5,B-Game,6.5,4700,725.5,1.38,8.217142857,21,-10.78285714,2,23,17.4,6,13.9,10,20,21,24.4,23,38,14,7.8,14,12.8,5,6,14,69.5,15,94.2,2,4.5
TaylTy00,BUF,QB,Tyrod Taylor,11.52,15.867,10.31,14.715,14.4,12.814,11.52,28.98,19.23428571,14,17.41,18.22,7200,2.53,8,8,17.41,NE,16.6,A-Game,17.6,7200,408.4,2.45,15.93314286,17.46,-3.301142857,2,23,17.4,6,13.9,10,20,21,24.4,23,38,14,7.8,14,12.8,5,6,14,69.5,15,94.2,2,4.5
DaltAn00,CIN,QB,Andy Dalton,9.88,17.689,16.74,15.256,13.7,14.388,9.88,31.32,20.34666667,6,17.29,17.99,7900,2.28,9,9,17.29,ARI,16,B-Game,17,7900,464.3,2.15,17.03642857,21.44,-3.310238095,2,12,16.3,12,16.3,12,21.6,19,24.3,18,36.1,1,3.8,1,7.9,18,7.5,9,68,10,89.3,11,6.9
CataCh00,ARI,K,Chandler Catanzaro,35,9,10,8,,,12,36,26.44444444,11,8.26,8.23,4700,,10,10,8.26,CIN,7.3,B-Game,7.3,4700,646.1,1.55,8.435714286,24,-18.00873016,1,2,13.5,15,17.1,14,22.9,7,18.2,8,29.2,11,6.3,15,12.8,6,6,2,61,5,84.4,6,6.2
BailDa00,DAL,K,Dan Bailey,9,8,10,8,,,8,26,16.11111111,26,8.17,8.15,4600,,11,11,8.17,MIA,7.4,B-Game,7.4,4600,619.5,1.61,8.27,18,-7.841111111,2,18,17,31,24.4,31,28.9,17,23.7,15,35.5,19,8.6,17,13.3,16,7.4,26,81,23,102,21,8.5
MariMa01,TEN,QB,Marcus Mariota,8.8,15.081,16.52,12.232,17.2,16.663,6.76,33.34,17.41428571,23,17.04,17.99,7100,2.53,11,11,17.04,JAX,16,B-Game,16.9,7100,420.3,2.38,16.11471429,26.58,-1.299571429,2,21,17.2,22,20.6,27,27.8,15,22,16,35.5,23,9.3,23,14.5,24,8.2,22,77.3,25,103.1,30,10.6
CrosMa20,GB,K,Mason Crosby,10,8,6,5,,,10,34,19.44444444,16,8.07,8.08,4900,,12,12,8.07,MIN,7,B-Game,7,4900,703.2,1.42,7.174285714,24,-12.27015873,2,14,16.5,7,15.7,6,19.6,10,21.2,12,33.8,20,9,22,14.3,11,6.4,10,68.8,13,90.7,7,6.4
GostSt20,NE,K,Stephen Gostkowski,26,9,10,9,,,24,44,30.44444444,10,8.07,8.06,5100,,12,12,8.07,BUF,8,A-Game,8,5100,638.9,1.57,8.6,20,-21.84444444,1,8,14.8,20,19.9,17,24.5,13,21.8,17,35.5,6,5.1,7,9.5,3,5.9,8,67.5,12,90.2,18,7.7
PeteAd01,MIN,RB,Adrian Peterson,28.6,8.425,6.81,6.58,17.2,8.41,6.2,28.6,16.37777778,21,16.6,17.97,8900,2.02,13,1,16.6,GB,16.9,A-Game,18,8900,495.7,2.02,12.99785714,22.4,-3.379920635,1,26,18.5,16,18.5,16,23.2,25,25.5,22,38,17,8.3,16,13.3,10,6.4,21,77.2,21,99.4,1,3.9
janikseb01,OAK,K,Sebastian Janikowski,12,9,7,5,,,6,35,22.55555556,27,7.79,7.79,4600,,13,13,7.79,DET,7.5,B-Game,7.5,4600,612.6,1.63,7.41,29,-15.14555556,2,31,21,23,20.8,19,25.6,27,26.6,27,41.9,26,10.5,26,16,21,7.8,31,86.7,31,112.3,20,8.2
HopkDu00,WAS,K,Dustin Hopkins,33,5,9,5,,,9,33,18.375,7,7.73,7.74,4500,,14,14,7.73,CAR,6.3,B-Game,6.3,4500,709,1.41,6.928571429,24,-11.44642857,2,5,14,17,19.5,23,26.2,4,16.2,6,28.7,15,7.9,13,12.5,14,7.3,7,64.8,8,88.6,3,4.9
StafMa00,DET,QB,Matthew Stafford,16.78,19.064,13.94,19.588,15.5,15.631,8.12,34.9,16.18888889,31,16.5,17.9,7000,2.56,14,13,16.5,OAK,17.5,A-Game,18.4,7000,379.4,2.64,17.41314286,26.78,1.224253968,1,27,18.9,24,20.9,26,27.7,14,22,21,36.7,31,12.9,32,18.7,31,10,30,84.6,30,112,17,7.7
BridTe00,MIN,QB,Teddy Bridgewater,11.9,12.578,15.45,13.198,13.9,13.778,3.74,18.74,12.88888889,21,16.28,17.07,6600,2.59,15,14,16.28,GB,13.9,C-Game,14.9,6600,443.7,2.25,15.108,15,2.219111111,1,26,18.5,16,18.5,16,23.2,25,25.5,22,38,17,8.3,16,13.3,10,6.4,21,77.2,21,99.4,1,3.9
nugenmik01,CIN,K,Mike Nugent,7,8,10,5,,,7,31,22.33333333,6,7.6,7.57,4600,,15,15,7.6,ARI,7,B-Game,7,4600,661.6,1.51,7.538571429,24,-14.7947619,2,12,16.3,12,16.3,12,21.6,19,24.3,18,36.1,1,3.8,1,7.9,18,7.5,9,68,10,89.3,11,6.9
BortBl00,JAC,QB,Blake Bortles,17.02,18.589,16.3,15.572,17,16.687,11.92,29.22,19.83777778,12,16.19,17.75,7500,2.37,17,16,16.19,TEN,17.9,A-Game,18.9,7500,396,2.53,17.07014286,17.3,-2.767634921,1,22,17.4,5,13.8,3,16.7,11,21.4,9,31.4,28,11,27,16.3,2,5.7,13,69.3,6,87.4,32,13.7
GanoGr44,CAR,K,Graham Gano,25,9,10,9,,,14,31,22.88888889,15,7.51,7.49,4800,,17,17,7.51,WAS,7.8,A-Game,7.8,4800,612.1,1.63,8.33,17,-14.55888889,1,13,16.5,8,15.8,7,19.7,20,24.3,13,35.1,9,5.5,10,10.3,13,6.8,11,68.9,7,88.4,12,6.9
SturCa00,PHI,K,Caleb Sturgis,15,5,0,8,,,12,31,18.83333333,18,7.44,7.44,4800,,18,18,7.44,TB,7.7,B-Game,7.7,4800,625.3,1.6,6.145714286,19,-12.68761905,1,24,17.8,9,15.9,8,19.7,22,24.5,24,38.4,13,7.4,12,12.1,22,8,20,73.4,20,95.9,27,9.4
FitzRy00,NYJ,QB,Ryan Fitzpatrick,16.72,16.052,17.82,15.485,11.4,11.185,3.04,26.22,16.63555556,13,16,17.1,7400,2.31,19,17,16,HOU,15.4,B-Game,16.3,7400,454.2,2.2,16.39385714,23.18,-0.241698413,2,17,16.9,28,21.4,25,27.5,9,21.1,10,32.5,10,6.2,11,10.5,8,6.3,18,71.8,14,93.7,19,7.7
gouldrob01,CHI,K,Robbie Gould,33,8,10,8,,,4,33,19.375,1,7.15,7.14,4600,,19,19,7.15,DEN,6.7,B-Game,6.7,4600,683.6,1.46,7.734285714,29,-11.64071429,1,1,9.2,21,20.2,20,26.1,1,11.8,1,22.1,12,6.3,9,10.2,12,6.6,1,54,1,74.2,28,9.8
ZuerGr00,STL,K,Greg Zuerlein,12,8,10,8,,,7,24,14.33333333,17,7.01,7.03,4600,,20,20,7.01,BAL,7,B-Game,7,4600,659.9,1.52,7.721428571,17,-6.611904762,2,30,20.9,14,17,15,23.1,30,28.9,29,42.6,3,4.5,2,8.5,32,10.4,27,81.6,28,105.4,8,6.4
barthco01,TB,K,Connor Barth,11,8,10,5,,,11,29,19.4,5,7.01,6.97,4800,,20,20,7.01,PHI,6.9,B-Game,6.9,4800,695.3,1.44,7.27,18,-12.13,2,16,16.8,2,12.2,1,16.1,31,29,32,44.6,2,4.2,4,8.9,20,7.8,15,70,16,94.2,16,7.5
FranAn01,MIA,K,Andrew Franks,19,8,10,8,,,6,29,16.875,22,6.95,6.95,4700,,21,21,6.95,DAL,6.9,B-Game,6.9,4700,680.9,1.47,7.678571429,23,-9.196428571,1,4,13.9,19,19.7,18,24.9,6,17.4,5,27.9,5,5,6,9.1,15,7.4,6,63.3,3,83.2,25,9.1
GurlTo01,STL,RB,Todd Gurley,16.4,8.479,8.32,6.516,15.2,8.345,1.9,30.3,17.44285714,17,15.01,16.72,9200,1.82,21,3,15.01,BAL,15.4,A-Game,17.1,9200,537.1,1.86,12.45071429,28.4,-4.992142857,2,30,20.9,14,17,15,23.1,30,28.9,29,42.6,3,4.5,2,8.5,32,10.4,27,81.6,28,105.4,8,6.4
WinsJa00,TB,QB,Jameis Winston,14.56,12.745,14.1,13.609,16.9,16.612,13.26,20.38,16.77111111,5,14.92,16.19,6800,2.38,22,18,14.92,PHI,14,C-Game,15.1,6800,449.2,2.23,14.512,7.12,-2.259111111,2,16,16.8,2,12.2,1,16.1,31,29,32,44.6,2,4.2,4,8.9,20,7.8,15,70,16,94.2,16,7.5
OsweBr00,DEN,QB,Brock Osweiler,10.64,14.817,18.21,14.579,16.4,16.573,10.64,10.64,10.64,25,14.87,15.37,6000,2.56,23,19,14.87,CHI,14.1,C-Game,15.3,6000,392.5,2.55,15.43085714,0,4.790857143,2,20,17.1,11,15.9,11,20.2,16,23.4,14,35.3,7,5.2,5,9.1,28,8.5,16,70.1,11,90.1,26,9.4
novaknic01,HOU,K,Nick Novak,9,8,0,5,,,9,22,16.33333333,4,6.4,6.39,4500,,23,23,6.4,NYJ,6.6,B-Game,6.6,4500,684.3,1.46,5.541428571,13,-10.79190476,1,6,14,3,12.6,4,16.8,12,21.8,11,33.3,8,5.2,8,9.7,17,7.4,3,61.1,2,81.3,14,7.4
MyerJa00,JAC,K,Jason Myers,18,5,7,8,,,3,27,15.33333333,12,6.35,6.35,4700,,24,24,6.35,TEN,6.7,B-Game,6.7,4700,697.8,1.43,6.535714286,24,-8.797619048,1,22,17.4,5,13.8,3,16.7,11,21.4,9,31.4,28,11,27,16.3,2,5.7,13,69.3,6,87.4,32,13.7
YateT.00,HOU,QB,T.J. Yates,6.56,13.472,,13.22,12.4,13.446,6.56,6.56,6.56,4,14.24,15.5,5100,3.04,25,21,14.24,NYJ,13.3,C-Game,14.3,5100,355.6,2.81,0,0,,1,6,14,3,12.6,4,16.8,12,21.8,11,33.3,8,5.2,8,9.7,17,7.4,3,61.1,2,81.3,14,7.4
SancMa00,PHI,QB,Mark Sanchez,5.64,15.93,0,16.152,19,20.025,5.64,5.64,5.64,18,14.12,15.44,6400,2.41,26,22,14.12,TB,15.9,B-Game,17.1,6400,374.5,2.67,13.266,0,7.626,1,24,17.8,9,15.9,8,19.7,22,24.5,24,38.4,13,7.4,12,12.1,22,8,20,73.4,20,95.9,27,9.4
IvorCh00,NYJ,RB,Chris Ivory,12.5,7.395,7.96,6.147,13.9,6.171,5.6,27.1,15.9875,13,14.06,15.5,7200,2.15,27,4,14.06,HOU,13.5,B-Game,14.2,7200,507.7,1.97,11.33171429,21.5,-4.655785714,2,17,16.9,28,21.4,25,27.5,9,21.1,10,32.5,10,6.2,11,10.5,8,6.3,18,71.8,14,93.7,19,7.7
CousKi00,WAS,QB,Kirk Cousins,28.96,14.597,16.66,11.961,10.2,11.994,9.74,30.18,16.86888889,7,13.81,15.09,6900,2.19,29,24,13.81,CAR,13,C-Game,14.1,6900,488.3,2.05,14.28971429,20.44,-2.579174603,2,5,14,17,19.5,23,26.2,4,16.2,6,28.7,15,7.9,13,12.5,14,7.3,7,64.8,8,88.6,3,4.9
MurrDe00,PHI,RB,DeMarco Murray,14.9,9.579,8.04,8.945,15.2,10.935,5.8,25.1,14.8875,18,13.76,15.97,7600,2.1,30,5,13.76,TB,14.7,A-Game,16.7,7600,454.9,2.2,12.39342857,19.3,-2.494071429,1,24,17.8,9,15.9,8,19.7,22,24.5,24,38.4,13,7.4,12,12.1,22,8,20,73.4,20,95.9,27,9.4
McFaDa00,DAL,RB,Darren McFadden,7.3,9.032,7.28,6.591,16.9,11.446,3.1,23.2,10.28888889,26,13.6,15.09,6800,2.22,31,6,13.6,MIA,14.4,A-Game,16.2,6800,420,2.38,11.62757143,20.1,1.33868254,2,18,17,31,24.4,31,28.9,17,23.7,15,35.5,19,8.6,17,13.3,16,7.4,26,81,23,102,21,8.5
TannRy00,MIA,QB,Ryan Tannehill,16.48,15.289,16.74,17.784,19.3,18.311,9.9,27.58,16.99555556,22,13.49,14.59,7000,2.08,32,25,13.49,DAL,15.8,B-Game,16.8,7000,417.4,2.4,15.45471429,17.68,-1.54084127,1,4,13.9,19,19.7,18,24.9,6,17.4,5,27.9,5,5,6,9.1,15,7.4,6,63.3,3,83.2,25,9.1
WestCh01,KC,RB,Charcandrick West,29.6,8.915,5.97,5.675,17.8,9.708,2.4,29.6,13.13333333,28,13.29,14.65,7100,2.06,33,7,13.29,SD,14.8,A-Game,16.5,7100,431.3,2.32,11.18428571,27.2,-1.949047619,2,19,17,32,25.3,32,30.8,8,18.9,7,28.7,25,9.6,21,14.3,29,8.8,25,79.6,22,99.5,24,8.9
FlacJo00,BAL,QB,Joe Flacco,22.34,15.782,17.81,15.703,16.3,16.784,2.68,24.6,17.83333333,2,13.25,14.64,7600,1.93,34,26,13.25,STL,14.1,C-Game,15,7600,505,1.98,15.06214286,21.92,-2.771190476,1,3,13.8,18,19.6,24,26.8,2,13.7,2,26.2,16,7.9,19,13.5,27,8.4,5,63.3,9,88.7,22,8.6
LockJe00,MIN,P,Jeff Locke,0,15.782,17.81,15.703,16.3,16.784,2.68,24.6,17.83333333,2,13.25,14.64,7600,1.93,34,26,13.25,STL,14.1,C-Game,15,7600,505,1.98,15.06214286,21.92,-2.771190476,1,3,13.8,18,19.6,24,26.8,2,13.7,2,26.2,16,7.9,19,13.5,27,8.4,5,63.3,9,88.7,22,8.6
BlouLe00,NE,RB,LeGarrette Blount,14.7,5.168,6.68,5.977,12.5,6.013,0.4,27.7,14.27142857,10,13.13,14.54,7300,1.99,35,8,13.13,BUF,11.7,B-Game,12.2,7300,598.8,1.67,10.11785714,27.3,-4.153571429,1,8,14.8,20,19.9,17,24.5,13,21.8,17,35.5,6,5.1,7,9.5,3,5.9,8,67.5,12,90.2,18,7.7
MillLa01,MIA,RB,Lamar Miller,18.3,9.78,7.62,7.954,13.4,9.005,4.1,37.1,15.83333333,22,13.02,15.09,7400,2.04,36,9,13.02,DAL,13.7,B-Game,15.9,7400,465.3,2.15,11.76914286,33,-4.064190476,1,4,13.9,19,19.7,18,24.9,6,17.4,5,27.9,5,5,6,9.1,15,7.4,6,63.3,3,83.2,25,9.1
LyncMa00,SEA,RB,Marshawn Lynch,11.5,7.34,7.95,7.39,14.8,8.334,2.8,18.2,10.88571429,29,12.6,13.81,8100,1.7,37,10,12.6,SF,13.8,B-Game,14.9,8100,542.8,1.84,10.94142857,15.4,0.055714286,1,25,18.1,26,21.1,28,28.4,24,25.3,25,38.5,18,8.4,20,13.9,7,6.2,24,79.1,27,105,29,9.9
CutlJa00,CHI,QB,Jay Cutler,24.72,13.247,16.16,12.832,15.5,15.764,10.2,24.72,18.0375,1,12.43,13.69,7000,1.96,38,27,12.43,DEN,14.2,C-Game,15.2,7000,461.6,2.17,13.71271429,14.52,-4.324785714,1,1,9.2,21,20.2,20,26.1,1,11.8,1,22.1,12,6.3,9,10.2,12,6.6,1,54,1,74.2,28,9.8
MurrLa00,OAK,RB,Latavius Murray,10.2,7.852,7.31,5.496,13.7,8.974,5.6,21.4,12.01111111,27,12.28,13.62,6800,2,39,11,12.28,DET,13.3,B-Game,14.4,6800,472.6,2.12,10.46257143,15.8,-1.548539683,2,31,21,23,20.8,19,25.6,27,26.6,27,41.9,26,10.5,26,16,21,7.8,31,86.7,31,112.3,20,8.2
BryaDe01,DAL,WR,Dez Bryant,7,17.18,16.4,9.68,11.8,11.84,2.2,18.9,8.85,26,12.23,15.37,8400,1.83,40,2,12.23,MIA,13.3,A-Game,16.5,8400,509.8,1.96,14.22714286,16.7,5.377142857,2,18,17,31,24.4,31,28.9,17,23.7,15,35.5,19,8.6,17,13.3,16,7.4,26,81,23,102,21,8.5
CoopAm00,OAK,WR,Amari Cooper,10.4,17.231,15.9,10.76,9.9,9.74,6.9,21.8,13.4,27,11.64,14.24,7200,1.98,42,3,11.64,DET,11.1,A-Game,14.1,7200,509,1.96,13.64442857,14.9,0.244428571,2,31,21,23,20.8,19,25.6,27,26.6,27,41.9,26,10.5,26,16,21,7.8,31,86.7,31,112.3,20,8.2
McCoLe01,BUF,RB,LeSean McCoy,18.4,7.363,7.93,5.638,11.5,7.056,9.1,18.9,13.92857143,14,11.54,12.98,7500,1.73,43,12,11.54,NE,12.2,B-Game,13.7,7500,548.5,1.82,10.09871429,9.8,-3.829857143,2,23,17.4,6,13.9,10,20,21,24.4,23,38,14,7.8,14,12.8,5,6,14,69.5,15,94.2,2,4.5
JohnCh04,ARI,RB,Chris Johnson,5.8,4.179,1.63,4.373,13,6.892,3.7,27.5,10.61111111,11,11.52,12.96,6800,1.91,44,13,11.52,CIN,10.8,B-Game,11.1,6800,614.3,1.63,8.183142857,23.8,-2.427968254,1,2,13.5,15,17.1,14,22.9,7,18.2,8,29.2,11,6.3,15,12.8,6,6,2,61,5,84.4,6,6.2
JohnCa00,DET,WR,Calvin Johnson,11.1,17.13,7.4,10.84,9.7,9.82,4.9,25.6,13,31,11.1,14.12,8100,1.74,45,4,11.1,OAK,11.9,A-Game,14.8,8100,545.8,1.83,12.35571429,20.7,-0.644285714,1,27,18.9,24,20.9,26,27.7,14,22,21,36.7,31,12.9,32,18.7,31,10,30,84.6,30,112,17,7.7
HopkDe00,HOU,WR,DeAndre Hopkins,14.2,17.7,14.9,11.93,8.4,8.94,7.8,34.3,19.8,4,11.04,14.79,8900,1.66,46,5,11.04,NYJ,11.7,A-Game,15.1,8900,588.5,1.7,13.78571429,26.5,-6.014285714,1,6,14,3,12.6,4,16.8,12,21.8,11,33.3,8,5.2,8,9.7,17,7.4,3,61.1,2,81.3,14,7.4
GronRo00,NE,TE,Rob Gronkowski,19.8,16.79,14.3,17.49,9.9,10.17,6.7,29.9,17.01111111,10,11.01,14.04,8400,1.67,47,1,11.01,BUF,12.9,A-Game,15.8,8400,530.2,1.89,14.34857143,23.2,-2.662539683,1,8,14.8,20,19.9,17,24.5,13,21.8,17,35.5,6,5.1,7,9.5,3,5.9,8,67.5,12,90.2,18,7.7
StewJo00,CAR,RB,Jonathan Stewart,15.1,6.077,2.02,4.159,15.8,8.678,5,21.1,10.61111111,15,10.96,11.68,7000,1.67,48,14,10.96,WAS,12.4,B-Game,12.9,7000,542.9,1.84,8.393714286,16.1,-2.217396825,1,13,16.5,8,15.8,7,19.7,20,24.3,13,35.1,9,5.5,10,10.3,13,6.8,11,68.9,7,88.4,12,6.9
EvanMi00,TB,WR,Mike Evans,16.6,17.98,15.7,12.73,13.4,13.26,4.7,26.4,12.91428571,5,10.83,13.53,8000,1.69,49,6,10.83,PHI,12.1,A-Game,15.3,8000,522.6,1.91,13.84285714,21.7,0.928571429,2,16,16.8,2,12.2,1,16.1,31,29,32,44.6,2,4.2,4,8.9,20,7.8,15,70,16,94.2,16,7.5
FitzLa00,ARI,WR,Larry Fitzgerald,18,17.13,12.4,11.41,11.1,11.53,5.4,33.2,17.12222222,11,10.55,13.17,7400,1.78,50,7,10.55,CIN,11.4,A-Game,14.8,7400,499.7,2,12.85857143,27.8,-4.263650794,1,2,13.5,15,17.1,14,22.9,7,18.2,8,29.2,11,6.3,15,12.8,6,6,2,61,5,84.4,6,6.2
GreeA.00,CIN,WR,A.J. Green,7.2,16.933,17.22,10.73,9.7,9.29,5.6,39.7,14.04444444,6,10.53,13.4,8200,1.63,51,8,10.53,ARI,11.8,A-Game,15,8200,546.7,1.83,13.47757143,34.1,-0.566873016,2,12,16.3,12,16.3,12,21.6,19,24.3,18,36.1,1,3.8,1,7.9,18,7.5,9,68,10,89.3,11,6.9
CobbRa00,GB,WR,Randall Cobb,7.5,10.247,13.26,8.37,9.8,10.4,3.8,31.8,11.92222222,16,10.25,13.38,7100,1.88,54,11,10.25,MIN,10,B-Game,12.9,7100,548.5,1.82,11.23671429,28,-0.685507937,2,14,16.5,7,15.7,6,19.6,10,21.2,12,33.8,20,9,22,14.3,11,6.4,10,68.8,13,90.7,7,6.4
MartDo00,TB,RB,Doug Martin,12.3,5.613,7.47,3.424,12,7.337,3.3,35.3,13.32222222,5,10.19,11.39,6600,1.73,55,15,10.19,PHI,11.6,B-Game,12.7,6600,520.4,1.92,8.711,32,-4.611222222,2,16,16.8,2,12.2,1,16.1,31,29,32,44.6,2,4.2,4,8.9,20,7.8,15,70,16,94.2,16,7.5
YeldT.00,JAC,RB,T.J. Yeldon,9.2,6.192,8.23,7.621,11.8,6.924,5.2,18.9,11.2,12,10.16,11.69,6400,1.83,56,16,10.16,TEN,11.5,B-Game,12.8,6400,499.1,2,9.550428571,13.7,-1.649571429,1,22,17.4,5,13.8,3,16.7,11,21.4,9,31.4,28,11,27,16.3,2,5.7,13,69.3,6,87.4,32,13.7
ThomDe03,DEN,WR,Demaryius Thomas,10.6,11.09,16.5,12.27,9.4,9.74,7.5,20.8,13.28888889,25,10.09,13.09,7700,1.7,58,12,10.09,CHI,10.6,B-Game,14.2,7700,541.3,1.85,12.47571429,13.3,-0.813174603,2,20,17.1,11,15.9,11,20.2,16,23.4,14,35.3,7,5.2,5,9.1,28,8.5,16,70.1,11,90.1,26,9.4
MaclJe00,KC,WR,Jeremy Maclin,3.2,9.365,12.2,9.66,11.3,16.4,3.2,24.1,11.5375,28,9.98,13.02,6300,2.07,59,13,9.98,SD,8.8,B-Game,11.6,6300,544.3,1.84,10.82928571,20.9,-0.708214286,2,19,17,32,25.3,32,30.8,8,18.9,7,28.7,25,9.6,21,14.3,29,8.8,25,79.6,22,99.5,24,8.9
LangJe00,CHI,RB,Jeremy Langford,33.7,9.626,17.47,9.959,11.7,8.719,0.1,33.7,10.1875,1,9.88,10.81,6700,1.61,60,18,9.88,DEN,11.8,B-Game,13.3,6700,505.4,1.98,11.56071429,33.6,1.373214286,1,1,9.2,21,20.2,20,26.1,1,11.8,1,22.1,12,6.3,9,10.2,12,6.6,1,54,1,74.2,28,9.8
RobiAl02,JAC,WR,Allen Robinson,13.6,16.89,12,15.26,8.6,9.03,3.2,30.5,15.58888889,12,9.74,12.09,7700,1.57,61,14,9.74,TEN,11.9,A-Game,14.3,7700,537.8,1.86,12.86,27.3,-2.728888889,1,22,17.4,5,13.8,3,16.7,11,21.4,9,31.4,28,11,27,16.3,2,5.7,13,69.3,6,87.4,32,13.7
WatkSa00,BUF,WR,Sammy Watkins,2.9,14.99,11.02,7.7,7.1,7.6,2.9,26.8,12.38,14,9.61,11.96,6600,1.81,62,15,9.61,NE,9.7,B-Game,12,6600,551.6,1.81,10.98428571,23.9,-1.395714286,2,23,17.4,6,13.9,10,20,21,24.4,23,38,14,7.8,14,12.8,5,6,14,69.5,15,94.2,2,4.5
JeffAl00,CHI,WR,Alshon Jeffery,3.8,10.26,13.52,9.45,10.1,10.88,3.8,24.7,16.3,1,9.46,12.26,7500,1.63,63,16,9.46,DEN,9.9,B-Game,13.2,7500,569,1.76,11.08714286,20.9,-5.212857143,1,1,9.2,21,20.2,20,26.1,1,11.8,1,22.1,12,6.3,9,10.2,12,6.6,1,54,1,74.2,28,9.8
AndrAn00,TEN,RB,Antonio Andrews,0.8,3.319,7.77,4.37,5.8,2.685,0.8,12.9,8.042857143,23,9.4,10.37,5600,1.85,64,19,9.4,JAX,7.1,C-Game,7.8,5600,716.6,1.4,7.489857143,12.1,-0.553,2,21,17.2,22,20.6,27,27.8,15,22,16,35.5,23,9.3,23,14.5,24,8.2,22,77.3,25,103.1,30,10.6
LaFeBr00,NE,WR,Brandon LaFell,7.6,15.31,11.22,8.6,8.8,9.18,3.5,12.7,7.625,10,9.37,11.66,6900,1.69,66,18,9.37,BUF,9.9,B-Game,12.3,6900,562.6,1.78,11.11857143,9.2,3.493571429,1,8,14.8,20,19.9,17,24.5,13,21.8,17,35.5,6,5.1,7,9.5,3,5.9,8,67.5,12,90.2,18,7.7
LandJa00,MIA,WR,Jarvis Landry,15.3,9.476,11.52,9.28,8.2,8.38,8.9,23.3,15.24,22,9.37,12.46,7200,1.73,66,18,9.37,DAL,9.9,B-Game,13.3,7200,542,1.85,10.68228571,14.4,-4.557714286,1,4,13.9,19,19.7,18,24.9,6,17.4,5,27.9,5,5,6,9.1,15,7.4,6,63.3,3,83.2,25,9.1
OlseGr00,CAR,TE,Greg Olsen,12,15.04,12.7,16.1,6.7,6.86,1.6,29.4,13.21111111,15,9.14,11.77,6400,1.84,67,2,9.14,WAS,11.2,A-Game,14.1,6400,455.3,2.2,12.57,27.8,-0.641111111,1,13,16.5,8,15.8,7,19.7,20,24.3,13,35.1,9,5.5,10,10.3,13,6.8,11,68.9,7,88.4,12,6.9
SandEm00,DEN,WR,Emmanuel Sanders,0,8.96,15.93,10.27,7.5,7.65,3.2,24.7,13.8625,25,9.13,11.28,7600,1.48,68,19,9.13,CHI,7.7,C-Game,9.8,7600,772.8,1.29,10.64285714,21.5,-3.219642857,2,20,17.1,11,15.9,11,20.2,16,23.4,14,35.3,7,5.2,5,9.1,28,8.5,16,70.1,11,90.1,26,9.4
StarJa00,GB,RB,James Starks,12.6,6.29,2.65,5.625,9.9,6.136,0.2,24.2,9.8,16,9.12,10.51,6200,1.7,69,20,9.12,MIN,7.8,C-Game,8.9,6200,693.6,1.44,7.459285714,24,-2.340714286,2,14,16.5,7,15.7,6,19.6,10,21.2,12,33.8,20,9,22,14.3,11,6.4,10,68.8,13,90.7,7,6.4
DeckEr00,NYJ,WR,Eric Decker,17.5,15.25,13,8.77,7.1,8.06,10.7,19.7,14.5875,13,8.95,11.23,7000,1.6,70,20,8.95,HOU,10,B-Game,12.5,7000,560.5,1.78,11.23571429,9,-3.351785714,2,17,16.9,28,21.4,25,27.5,9,21.1,10,32.5,10,6.2,11,10.5,8,6.3,18,71.8,14,93.7,19,7.7
CrabMi00,OAK,WR,Michael Crabtree,7.5,15.36,5.2,8.14,10.4,10.26,5.6,26.3,13.34444444,27,8.92,11.35,6500,1.75,71,21,8.92,DET,10,B-Game,13.1,6500,495.7,2.02,10.14142857,20.7,-3.203015873,2,31,21,23,20.8,19,25.6,27,26.6,27,41.9,26,10.5,26,16,21,7.8,31,86.7,31,112.3,20,8.2
AmenDa00,NE,WR,Danny Amendola,12.9,9.317,3.6,7.65,9.1,9.99,1.6,18.6,8.155555556,10,8.84,11.33,6100,1.86,72,22,8.84,BUF,9.2,B-Game,12.1,6100,503.3,1.99,8.811,17,0.655444444,1,8,14.8,20,19.9,17,24.5,13,21.8,17,35.5,6,5.1,7,9.5,3,5.9,8,67.5,12,90.2,18,7.7
DiggSt00,MIN,WR,Stefon Diggs,6.6,8.184,13,7.88,7.5,7.46,5.7,20.7,13.26666667,21,8.76,10.79,6700,1.61,73,23,8.76,GB,9.8,B-Game,12.1,6700,555.4,1.8,9.924857143,15,-3.341809524,1,26,18.5,16,18.5,16,23.2,25,25.5,22,38,17,8.3,16,13.3,10,6.4,21,77.2,21,99.4,1,3.9
AikeKa00,BAL,WR,Kamar Aiken,10.8,9.07,11.3,9.75,10.2,10.07,0.4,16.2,8.325,2,8.69,11.29,5900,1.91,74,24,8.69,STL,8,B-Game,10.6,5900,557.7,1.79,9.912857143,15.8,1.587857143,1,3,13.8,18,19.6,24,26.8,2,13.7,2,26.2,16,7.9,19,13.5,27,8.4,5,63.3,9,88.7,22,8.6
ForsJu00,BAL,RB,Justin Forsett,8.4,6.082,8.76,5.755,13.8,8.077,4.9,25,11.58888889,2,8.65,10.15,6900,1.47,75,21,8.65,STL,11.7,B-Game,13.2,6900,523.9,1.91,8.749571429,20.1,-2.83931746,1,3,13.8,18,19.6,24,26.8,2,13.7,2,26.2,16,7.9,19,13.5,27,8.4,5,63.3,9,88.7,22,8.6
MattJo00,PHI,WR,Jordan Matthews,3.6,8.49,6.3,8.12,9.9,9.72,2.9,23.8,10.07777778,18,8.6,11.21,6300,1.78,76,25,8.6,TB,8.9,B-Game,11.7,6300,537.4,1.86,9.002857143,20.9,-1.074920635,1,24,17.8,9,15.9,8,19.7,22,24.5,24,38.4,13,7.4,12,12.1,22,8,20,73.4,20,95.9,27,9.4
BrowJo02,ARI,WR,John Brown,0,7.306,10.2,9.83,7.7,8.24,7,22.6,13.14285714,11,8.3,10.42,5700,1.83,77,26,8.3,CIN,7,C-Game,8.8,5700,649.6,1.54,9.022285714,15.6,-4.120571429,1,2,13.5,15,17.1,14,22.9,7,18.2,8,29.2,11,6.3,15,12.8,6,6,2,61,5,84.4,6,6.2
JackDe00,WAS,WR,DeSean Jackson,5.4,7.593,4.22,6.36,8.5,9.13,3,5.4,4.2,7,8.15,10.14,6100,1.66,79,27,8.15,CAR,6.9,C-Game,8.4,6100,724.8,1.38,7.573285714,2.4,3.373285714,2,5,14,17,19.5,23,26.2,4,16.2,6,28.7,15,7.9,13,12.5,14,7.3,7,64.8,8,88.6,3,4.9
HurnAl01,JAC,WR,Allen Hurns,14.7,13.99,12.4,13.22,8.7,9.05,6.5,23.1,14.46666667,12,8.04,10.03,7500,1.34,80,28,8.04,TEN,9.9,B-Game,12.1,7500,618.4,1.62,11.11714286,16.6,-3.34952381,1,22,17.4,5,13.8,3,16.7,11,21.4,9,31.4,28,11,27,16.3,2,5.7,13,69.3,6,87.4,32,13.7
HillJe01,CIN,RB,Jeremy Hill,3.5,4.039,2.41,3.722,7.8,3.881,0.6,24,8.655555556,6,7.83,9.39,6500,1.44,81,23,7.83,ARI,7.6,C-Game,8,6500,812.7,1.23,6.174428571,23.4,-2.481126984,2,12,16.3,12,16.3,12,21.6,19,24.3,18,36.1,1,3.8,1,7.9,18,7.5,9,68,10,89.3,11,6.9
BernGi00,CIN,RB,Giovani Bernard,10.4,6.269,9.41,5.325,10.8,6.584,4.4,15.4,11.05555556,6,7.76,9.43,6300,1.5,82,24,7.76,ARI,9,C-Game,10.4,6300,607.3,1.65,8.050571429,11,-3.004984127,2,12,16.3,12,16.3,12,21.6,19,24.3,18,36.1,1,3.8,1,7.9,18,7.5,9,68,10,89.3,11,6.9
HillRo00,DEN,RB,Ronnie Hillman,12.1,5.674,8.99,5.05,11.5,7.259,0.1,18,8.8,25,7.75,8.55,6200,1.38,83,25,7.75,CHI,7.8,C-Game,8.3,6200,751.4,1.33,7.437714286,17.9,-1.362285714,2,20,17.1,11,15.9,11,20.2,16,23.4,14,35.3,7,5.2,5,9.1,28,8.5,16,70.1,11,90.1,26,9.4
WillKa01,BUF,RB,Karlos Williams,11.5,2.999,6.5,4.246,4.1,1.443,10.7,23,14.7,14,7.73,8.76,5700,1.54,84,26,7.73,NE,7.5,C-Game,8.3,5700,687,1.46,6.609285714,12.3,-8.090714286,2,23,17.4,6,13.9,10,20,21,24.4,23,38,14,7.8,14,12.8,5,6,14,69.5,15,94.2,2,4.5
GrahJi00,SEA,TE,Jimmy Graham,5.6,13.47,14.1,13.95,7.7,7.44,1.6,18,9.066666667,29,7.54,9.64,5800,1.66,86,4,7.54,SF,7.8,B-Game,10.3,5800,563.3,1.78,10.93428571,16.4,1.867619048,1,25,18.1,26,21.1,28,28.4,24,25.3,25,38.5,18,8.4,20,13.9,7,6.2,24,79.1,27,105,29,9.9
MattRi00,MIA,WR,Rishard Matthews,12.2,7.555,10.6,6.81,7.9,7.91,2.1,26.3,12.23333333,22,7.46,9.24,6400,1.44,87,29,7.46,DAL,8.1,B-Game,10.1,6400,632.6,1.58,8.460714286,24.2,-3.772619048,1,4,13.9,19,19.7,18,24.9,6,17.4,5,27.9,5,5,6,9.1,15,7.4,6,63.3,3,83.2,25,9.1
EifeTy00,CIN,TE,Tyler Eifert,4.1,14.03,13.6,13.19,5.7,6.45,4.1,26.9,15,6,7.37,9.65,6200,1.56,88,5,7.37,ARI,9,A-Game,11.2,6200,552.6,1.81,10.91571429,22.8,-4.084285714,2,12,16.3,12,16.3,12,21.6,19,24.3,18,36.1,1,3.8,1,7.9,18,7.5,9,68,10,89.3,11,6.9
AdamDa01,GB,WR,Davante Adams,12.9,8.39,10.4,6.19,8,8.54,1.3,20.8,9.74,16,7.25,9.98,6800,1.47,89,30,7.25,MIN,8.5,B-Game,10.8,6800,629.9,1.59,8.608571429,19.5,-1.131428571,2,14,16.5,7,15.7,6,19.6,10,21.2,12,33.8,20,9,22,14.3,11,6.4,10,68.8,13,90.7,7,6.4
ReedJo02,WAS,TE,Jordan Reed,16.4,7.47,11.3,5.93,5.7,6.63,4.2,24.7,13.45714286,7,7.25,9.63,5800,1.66,90,6,7.25,CAR,8.9,A-Game,11.4,5800,508.6,1.97,8.604285714,20.5,-4.852857143,2,5,14,17,19.5,23,26.2,4,16.2,6,28.7,15,7.9,13,12.5,14,7.3,7,64.8,8,88.6,3,4.9
AbduAm00,DET,RB,Ameer Abdullah,2.7,3.366,1.39,4.757,3.2,2.25,0.3,17.4,5.9,31,7.18,8.58,5300,1.62,91,28,7.18,OAK,3.2,C-Game,3.7,5300,1445.9,0.69,5.164714286,17.1,-0.735285714,1,27,18.9,24,20.9,26,27.7,14,22,21,36.7,31,12.9,32,18.7,31,10,30,84.6,30,112,17,7.7
BennMa00,CHI,TE,Martellus Bennett,3.3,7.22,12.6,5.81,6.1,6.65,3.3,19.8,9.1,1,6.98,9.35,5200,1.8,93,7,6.98,DEN,6.6,B-Game,8.9,5200,581.2,1.72,8.262857143,16.5,-0.837142857,1,1,9.2,21,20.2,20,26.1,1,11.8,1,22.1,12,6.3,9,10.2,12,6.6,1,54,1,74.2,28,9.8
TateGo00,DET,WR,Golden Tate,8.3,8.315,5.93,8.45,8.4,8.97,2.4,13,7.933333333,31,6.65,8.87,6200,1.43,95,32,6.65,OAK,7.9,C-Game,10.6,6200,585.6,1.71,7.923571429,10.6,-0.009761905,1,27,18.9,24,20.9,26,27.7,14,22,21,36.7,31,12.9,32,18.7,31,10,30,84.6,30,112,17,7.7
AustTa00,STL,WR,Tavon Austin,3.3,7.324,3.04,3.57,5.3,5.787,3.3,26.6,12,17,6.55,8.28,6000,1.38,97,33,6.55,BAL,8.5,B-Game,10.2,6000,587.4,1.7,6.502,23.3,-5.498,2,30,20.9,14,17,15,23.1,30,28.9,29,42.6,3,4.5,2,8.5,32,10.4,27,81.6,28,105.4,8,6.4
EbroEr00,DET,TE,Eric Ebron,4.8,6.68,10.6,12.61,5.3,6.06,3.2,17.4,9.071428571,31,6.57,8.75,5400,1.62,97,8,6.57,OAK,7.1,B-Game,8.9,5400,604,1.66,8.668571429,14.2,-0.402857143,1,27,18.9,24,20.9,26,27.7,14,22,21,36.7,31,12.9,32,18.7,31,10,30,84.6,30,112,17,7.7
WashNa00,HOU,WR,Nate Washington,4.2,7.2,2.4,6.55,7.7,8.08,4.2,29.2,12.71666667,4,6.48,7.94,5600,1.42,98,34,6.48,NYJ,6.2,C-Game,7.8,5600,714,1.4,6.407142857,25,-6.30952381,1,6,14,3,12.6,4,16.8,12,21.8,11,33.3,8,5.2,8,9.7,17,7.4,3,61.1,2,81.3,14,7.4
KelcTr00,KC,TE,Travis Kelce,6.1,8.23,11.2,8.76,7.9,7.43,5,25.6,11.54444444,28,6.39,8.25,5700,1.45,100,9,6.39,SD,9.3,A-Game,11.7,5700,488.4,2.05,8.702857143,20.6,-2.841587302,2,19,17,32,25.3,32,30.8,8,18.9,7,28.7,25,9.6,21,14.3,29,8.8,25,79.6,22,99.5,24,8.9
BellJo01,DET,RB,Joique Bell,4.5,4.55,1.23,3.894,9.4,6.069,2.8,6.9,4.9,31,6.27,7.92,5400,1.47,101,30,6.27,OAK,6.7,C-Game,7.3,5400,736.9,1.36,5.347714286,4.1,0.447714286,1,27,18.9,24,20.9,26,27.7,14,22,21,36.7,31,12.9,32,18.7,31,10,30,84.6,30,112,17,7.7
ClayCh00,BUF,TE,Charles Clay,7.7,6.44,10.1,6.53,6.4,6.83,1.1,16.7,8.088888889,14,6.37,8.42,5200,1.62,101,10,6.37,NE,5.7,C-Game,8,5200,653.9,1.53,7.461428571,15.6,-0.627460317,2,23,17.4,6,13.9,10,20,21,24.4,23,38,14,7.8,14,12.8,5,6,14,69.5,15,94.2,2,4.5
WilsMa02,CHI,WR,Marquess Wilson,0.6,3.93,2.1,3.42,6.3,6.71,0.6,17.5,5.975,1,6.2,7.9,5100,1.55,104,36,6.2,DEN,4.1,C-Game,4.9,5100,1036.6,0.96,4.95,16.9,-1.025,1,1,9.2,21,20.2,20,26.1,1,11.8,1,22.1,12,6.3,9,10.2,12,6.6,1,54,1,74.2,28,9.8
WillTe01,DAL,WR,Terrance Williams,4.3,5.84,3.6,5.55,6,6.04,3,16.4,7.725,26,6.16,7.44,5300,1.4,105,37,6.16,MIA,6.3,C-Game,7.8,5300,682.3,1.47,6.078571429,13.4,-1.646428571,2,18,17,31,24.4,31,28.9,17,23.7,15,35.5,19,8.6,17,13.3,16,7.4,26,81,23,102,21,8.5
GreeDo00,TEN,WR,Dorial Green-Beckham,0,6.06,2.9,4.19,7.3,8.06,1.7,10.2,7.22,23,6.11,7.75,5500,1.41,106,38,6.11,JAX,6.4,C-Game,8,5500,686.2,1.46,5.874285714,8.5,-1.345714286,2,21,17.2,22,20.6,27,27.8,15,22,16,35.5,23,9.3,23,14.5,24,8.2,22,77.3,25,103.1,30,10.6
CrowJa00,WAS,WR,Jamison Crowder,14,5.994,5.04,4.57,5.3,6.5,0.7,15.5,8.377777778,7,6.06,8.18,5800,1.41,107,39,6.06,CAR,5.9,C-Game,8.1,5800,719,1.39,6.286285714,14.8,-2.091492063,2,5,14,17,19.5,23,26.2,4,16.2,6,28.7,15,7.9,13,12.5,14,7.3,7,64.8,8,88.6,3,4.9
WalkHu00,TEN,TE,Delanie Walker,6.7,7.12,12.5,5.48,7.2,8.03,5.6,33,12.4125,23,6.01,7.87,5700,1.38,109,11,6.01,JAX,8.8,A-Game,12,5700,477,2.1,8.141428571,27.4,-4.271071429,2,21,17.2,22,20.6,27,27.8,15,22,16,35.5,23,9.3,23,14.5,24,8.2,22,77.3,25,103.1,30,10.6
JoneJa04,GB,WR,James Jones,0,5.74,12.3,6.32,7.7,7.69,0.7,23.4,12.0375,16,5.63,6.65,5200,1.28,111,40,5.63,MIN,6.7,C-Game,8.3,5200,628.5,1.59,7.224285714,22.7,-4.813214286,2,14,16.5,7,15.7,6,19.6,10,21.2,12,33.8,20,9,22,14.3,11,6.4,10,68.8,13,90.7,7,6.4
RodgRi00,GB,TE,Richard Rodgers,11.7,4.82,10.9,3.91,4.9,5.15,2.5,17.8,9.022222222,16,5.71,7.54,5400,1.4,111,13,5.71,MIN,4.9,C-Game,6.7,5400,800.8,1.25,6.47,15.3,-2.552222222,2,14,16.5,7,15.7,6,19.6,10,21.2,12,33.8,20,9,22,14.3,11,6.4,10,68.8,13,90.7,7,6.4
ErtzZa00,PHI,TE,Zach Ertz,10.3,5.64,5.5,4.72,6.3,6.58,2.1,10.3,6.244444444,18,5.49,7.28,5200,1.4,114,14,5.49,TB,6.3,C-Game,8.2,5200,633.2,1.58,6.045714286,8.2,-0.198730159,1,24,17.8,9,15.9,8,19.7,22,24.5,24,38.4,13,7.4,12,12.1,22,8,20,73.4,20,95.9,27,9.4
GillCr00,BAL,TE,Crockett Gillmore,12.2,5.2,1.4,6.16,5.2,5.13,3.3,23.3,9.2,2,5.23,6.69,5300,1.26,116,15,5.23,STL,5.9,C-Game,7.5,5300,711.3,1.41,5.344285714,20,-3.855714286,1,3,13.8,18,19.6,24,26.8,2,13.7,2,26.2,16,7.9,19,13.5,27,8.4,5,63.3,9,88.7,22,8.6
WittJa00,DAL,TE,Jason Witten,6.7,7.65,11.6,7.88,8.7,9.42,2.6,22,8.777777778,26,5.23,7.57,5500,1.38,116,15,5.23,MIA,7.7,B-Game,10.2,5500,537.3,1.86,7.908571429,19.4,-0.869206349,2,18,17,31,24.4,31,28.9,17,23.7,15,35.5,19,8.6,17,13.3,16,7.4,26,81,23,102,21,8.5
RiddTh00,DET,RB,Theo Riddick,4.1,6.607,1.82,6.504,4.2,3.762,4.1,16.3,8.466666667,31,5.08,6.68,5100,1.31,118,33,5.08,OAK,6.7,C-Game,9.1,5100,560.8,1.78,5.838714286,12.2,-2.627952381,1,27,18.9,24,20.9,26,27.7,14,22,21,36.7,31,12.9,32,18.7,31,10,30,84.6,30,112,17,7.7
ThomJu00,JAC,TE,Julius Thomas,3.3,5.21,10.9,4.79,4.6,4.87,0.9,17.3,5.48,12,5.17,7.03,5200,1.35,118,17,5.17,TEN,5.4,C-Game,7.2,5200,722.5,1.38,6.495714286,16.4,1.015714286,1,22,17.4,5,13.8,3,16.7,11,21.4,9,31.4,28,11,27,16.3,2,5.7,13,69.3,6,87.4,32,13.7
GarcPi00,WAS,WR,Pierre Garcon,2,6.57,11.6,7.1,4.7,5.23,2,15,9.166666667,7,5.06,6.88,6000,1.15,119,42,5.06,CAR,5.9,C-Game,8,6000,749,1.34,7.181428571,13,-1.985238095,2,5,14,17,19.5,23,26.2,4,16.2,6,28.7,15,7.9,13,12.5,14,7.3,7,64.8,8,88.6,3,4.9
DougHa00,TEN,WR,Harry Douglas,4.1,6.129,4.9,4.06,9.1,9.26,0.8,9.8,4.557142857,23,5,6.7,5300,1.26,120,43,5,JAX,5.2,C-Game,7.3,5300,729.4,1.37,5.584142857,9,1.027,2,21,17.2,22,20.6,27,27.8,15,22,16,35.5,23,9.3,23,14.5,24,8.2,22,77.3,25,103.1,30,10.6
ShorCe00,HOU,WR,Cecil Shorts,3.1,6.2,10.7,4.88,,,3.1,15.7,8.333333333,4,4.95,6.9,5400,1.28,121,44,4.95,NYJ,5.5,C-Game,7.5,5400,723.1,1.38,6.582857143,12.6,-1.75047619,1,6,14,3,12.6,4,16.8,12,21.8,11,33.3,8,5.2,8,9.7,17,7.4,3,61.1,2,81.3,14,7.4
CotcJe00,CAR,WR,Jerricho Cotchery,1.6,3.79,2.3,5.07,5.9,5.94,1.6,12.5,4.728571429,15,4.91,6.04,4700,1.29,122,45,4.91,WAS,4.6,C-Game,6.1,4700,775.9,1.29,4.731428571,10.9,0.002857143,1,13,16.5,8,15.8,7,19.7,20,24.3,13,35.1,9,5.5,10,10.3,13,6.8,11,68.9,7,88.4,12,6.9
KearJe01,SEA,WR,Jermaine Kearse,1.5,5.14,3.21,5.87,6.6,6.63,1.5,11.6,8.633333333,29,4.87,6.43,5200,1.24,125,47,4.87,SF,4.7,C-Game,6,5200,866.5,1.15,5.198571429,10.1,-3.434761905,1,25,18.1,26,21.1,28,28.4,24,25.3,25,38.5,18,8.4,20,13.9,7,6.2,24,79.1,27,105,29,9.9
BaldDo00,SEA,WR,Doug Baldwin,22.9,6.85,12.71,7.59,8,7.91,2.9,22.9,9.433333333,29,4.82,6.37,5400,1.18,127,48,4.82,SF,6.7,C-Game,8.8,5400,613.1,1.63,7.422857143,20,-2.01047619,1,25,18.1,26,21.1,28,28.4,24,25.3,25,38.5,18,8.4,20,13.9,7,6.2,24,79.1,27,105,29,9.9
DaviVe00,DEN,TE,Vernon Davis,2.9,3.92,3.5,4.82,2.9,3.06,2.9,8.7,6.26,25,4.78,6.16,5000,1.23,128,19,4.78,CHI,3.1,C-Game,4.2,5000,1204.5,0.83,4.594285714,5.8,-1.665714286,2,20,17.1,11,15.9,11,20.2,16,23.4,14,35.3,7,5.2,5,9.1,28,8.5,16,70.1,11,90.1,26,9.4
FuncDe00,CAR,WR,Devin Funchess,5.1,4.08,8.8,4.37,4.5,4.07,1.3,14.6,4.025,15,4.71,5.95,5100,1.17,129,49,4.71,WAS,5.7,C-Game,7.2,5100,710.6,1.41,5.688571429,13.3,1.663571429,1,13,16.5,8,15.8,7,19.7,20,24.3,13,35.1,9,5.5,10,10.3,13,6.8,11,68.9,7,88.4,12,6.9
JoneMa02,CIN,WR,Marvin Jones,5.6,7.071,12,5.67,6,6.59,1.5,20,9.033333333,6,4.69,6.22,5400,1.15,130,50,4.69,ARI,7.6,C-Game,9.8,5400,553.2,1.81,7.163,18.5,-1.870333333,2,12,16.3,12,16.3,12,21.6,19,24.3,18,36.1,1,3.8,1,7.9,18,7.5,9,68,10,89.3,11,6.9
CameJo00,MIA,TE,Jordan Cameron,1,3.96,5.2,3.92,6.9,6.9,1,10.5,4.811111111,22,4.41,5.58,4900,1.14,132,20,4.41,DAL,4.6,C-Game,5.8,4900,840.8,1.19,4.754285714,9.5,-0.056825397,1,4,13.9,19,19.7,18,24.9,6,17.4,5,27.9,5,5,6,9.1,15,7.4,6,63.3,3,83.2,25,9.1
LockTy00,SEA,WR,Tyler Lockett,1.2,4.411,1.71,5.2,0,0,1.2,16.4,6.575,29,4.38,5.47,5200,1.05,134,52,4.38,SF,5.2,C-Game,6.6,5200,785.6,1.27,4.593,15.2,-1.982,1,25,18.1,26,21.1,28,28.4,24,25.3,25,38.5,18,8.4,20,13.9,7,6.2,24,79.1,27,105,29,9.9
SimsCh00,TB,RB,Charles Sims,4.1,5.06,2.18,4.032,4.9,2.982,4.1,15.6,8.255555556,5,4.35,5.35,5200,1.03,134,36,4.35,PHI,7,C-Game,8.2,5200,636.7,1.57,4.788857143,11.5,-3.466698413,2,16,16.8,2,12.2,1,16.1,31,29,32,44.6,2,4.2,4,8.9,20,7.8,15,70,16,94.2,16,7.5
ElliAn00,ARI,RB,Andre Ellington,16.3,4.009,8,5.27,5.7,3.952,6.4,16.3,10.7,11,4.31,4.92,5400,0.91,135,37,4.31,CIN,7.1,C-Game,8.3,5400,653.3,1.53,5.588428571,9.9,-5.111571429,1,2,13.5,15,17.1,14,22.9,7,18.2,8,29.2,11,6.3,15,12.8,6,6,2,61,5,84.4,6,6.2
JoneMa04,WAS,RB,Matt Jones,26.2,3.073,5.36,4.022,5.1,2.613,1.1,26.2,9.775,7,4.31,4.83,6100,0.79,135,37,4.31,CAR,7.6,C-Game,8.7,6100,702.7,1.42,4.943571429,25.1,-4.831428571,2,5,14,17,19.5,23,26.2,4,16.2,6,28.7,15,7.9,13,12.5,14,7.3,7,64.8,8,88.6,3,4.9
FellDa01,ARI,TE,Darren Fells,3.6,3,1,3.05,4.8,5.04,1.4,16.2,5.783333333,11,4.26,5.21,4800,1.09,138,21,4.26,CIN,1.8,C-Game,2.2,4800,2171.7,0.46,3.282857143,14.8,-2.50047619,1,2,13.5,15,17.1,14,22.9,7,18.2,8,29.2,11,6.3,15,12.8,6,6,2,61,5,84.4,6,6.2
CookJa02,STL,TE,Jared Cook,4.5,3.86,2.5,3.94,7.4,7.82,0.9,14.7,5.111111111,17,4.24,5.58,4800,1.16,139,22,4.24,BAL,4.8,C-Game,6.2,4800,768.2,1.3,4.365714286,13.8,-0.745396825,2,30,20.9,14,17,15,23.1,30,28.9,29,42.6,3,4.5,2,8.5,32,10.4,27,81.6,28,105.4,8,6.4
GiveCh00,BAL,WR,Chris Givens,11.7,6.037,3.8,6.13,6.4,6.13,1.2,11.7,4.716666667,2,4.26,5.65,4500,1.26,139,54,4.26,STL,6.7,C-Game,8.7,4500,515.1,1.94,5.548142857,10.5,0.83147619,1,3,13.8,18,19.6,24,26.8,2,13.7,2,26.2,16,7.9,19,13.5,27,8.4,5,63.3,9,88.7,22,8.6
SproDa00,PHI,RB,Darren Sproles,5.9,5.111,4.42,7.521,5,4.239,1.2,17.6,6.744444444,18,4.1,5.44,5400,1.01,142,39,4.1,TB,6.1,C-Game,7.8,5400,695.3,1.44,5.498857143,16.4,-1.245587302,1,24,17.8,9,15.9,8,19.7,22,24.5,24,38.4,13,7.4,12,12.1,22,8,20,73.4,20,95.9,27,9.4
WallMi00,MIN,WR,Mike Wallace,2.7,5.08,12.42,5.18,7,7.46,0.9,18.3,6.475,21,4.16,5.59,5200,1.08,142,55,4.16,GB,5.2,C-Game,6.8,5200,763.8,1.31,6.198571429,17.4,-0.276428571,1,26,18.5,16,18.5,16,23.2,25,25.5,22,38,17,8.3,16,13.3,10,6.4,21,77.2,21,99.4,1,3.9
BritKe00,STL,WR,Kenny Britt,1.1,4.6,3.61,5.18,5.8,5.95,1.1,13.7,7.616666667,17,4.11,5.14,5300,0.97,143,56,4.11,BAL,4.3,C-Game,5.2,5300,1028.6,0.97,4.564285714,12.6,-3.052380952,2,30,20.9,14,17,15,23.1,30,28.9,29,42.6,3,4.5,2,8.5,32,10.4,27,81.6,28,105.4,8,6.4
RiveMy00,OAK,TE,Mychal Rivera,7.6,3.22,2.9,2.99,3.5,3.44,0.9,7.6,3.314285714,27,3.99,5.43,4700,1.16,144,23,3.99,DET,1.4,C-Game,2.2,4700,2101.4,0.48,3.531428571,6.7,0.217142857,2,31,21,23,20.8,19,25.6,27,26.6,27,41.9,26,10.5,26,16,21,7.8,31,86.7,31,112.3,20,8.2
WhitJa02,NE,RB,James White,1.6,4.086,2.17,3.406,1.3,1.332,0.3,5.4,2.95,10,3.9,5.29,5100,1.04,145,40,3.9,BUF,4,C-Game,5.1,5100,996.2,1,3.978857143,5.1,1.028857143,1,8,14.8,20,19.9,17,24.5,13,21.8,17,35.5,6,5.1,7,9.5,3,5.9,8,67.5,12,90.2,18,7.7
JoneTa00,OAK,RB,Taiwan Jones,0,2.457,0,2.702,0.1,0.013,1.6,12.9,5,27,3.86,4.27,5000,0.85,146,41,3.86,DET,1.6,C-Game,2,5000,2456.6,0.41,2.735571429,11.3,-2.264428571,2,31,21,23,20.8,19,25.6,27,26.6,27,41.9,26,10.5,26,16,21,7.8,31,86.7,31,112.3,20,8.2
WoodRo02,BUF,WR,Robert Woods,3.4,6.266,4.4,5.7,6.8,7.97,1.1,18.9,6.9875,14,3.98,5.55,5100,1.09,146,57,3.98,NE,6.6,C-Game,8.5,5100,598.7,1.67,5.482285714,17.8,-1.505214286,2,23,17.4,6,13.9,10,20,21,24.4,23,38,14,7.8,14,12.8,5,6,14,69.5,15,94.2,2,4.5
ThomCh03,WAS,RB,Chris Thompson,8.2,3.904,1.19,4.4,2.6,2.54,1.1,18.6,6.975,7,3.74,4.83,5100,0.95,149,42,3.74,CAR,3.9,C-Game,5,5100,1013.3,0.99,3.829142857,17.5,-3.145857143,2,5,14,17,19.5,23,26.2,4,16.2,6,28.7,15,7.9,13,12.5,14,7.3,7,64.8,8,88.6,3,4.9
AghoNe00,PHI,WR,Nelson Agholor,4.7,3.48,2.5,3.75,4,3.81,1,5.9,3.44,18,3.75,4.85,5100,0.95,150,59,3.75,TB,2.9,C-Game,3.8,5100,1350,0.74,3.697142857,4.9,0.257142857,1,24,17.8,9,15.9,8,19.7,22,24.5,24,38.4,13,7.4,12,12.1,22,8,20,73.4,20,95.9,27,9.4
MorrAl00,WAS,RB,Alfred Morris,12.1,2.396,0.95,2.628,3.3,1.452,1,12.1,5.466666667,7,3.62,4.14,5400,0.77,152,44,3.62,CAR,5.4,C-Game,5.8,5400,938.1,1.07,3.307714286,11.1,-2.158952381,2,5,14,17,19.5,23,26.2,4,16.2,6,28.7,15,7.9,13,12.5,14,7.3,7,64.8,8,88.6,3,4.9
StreDe00,DAL,WR,Devin Street,1.5,0.96,,0.06,0.2,0.13,1.5,9,3.65,26,3.67,4.22,4900,0.86,153,60,3.67,,,,7.809907121,,,,0,7.5,,,,,,,,,,,,,,,,,,,,,,,,
BlueAl00,HOU,RB,Alfred Blue,3.6,2.931,1.19,2.606,8,4.475,0.8,19.9,5.8,4,3.46,4.09,5700,0.72,156,46,3.46,NYJ,6.6,C-Game,7.3,5700,776.5,1.29,3.576714286,19.1,-2.223285714,1,6,14,3,12.6,4,16.8,12,21.8,11,33.3,8,5.2,8,9.7,17,7.4,3,61.1,2,81.3,14,7.4
WilsAl02,KC,WR,Albert Wilson,2.1,3.86,0.9,4.01,4,3.52,2.1,13.2,6.12,28,3.55,4.4,4500,0.98,156,61,3.55,SD,3.8,C-Game,4.8,4500,939.5,1.06,3.581428571,11.1,-2.538571429,2,19,17,32,25.3,32,30.8,8,18.9,7,28.7,25,9.6,21,14.3,29,8.8,25,79.6,22,99.5,24,8.9
MoorLa00,DET,WR,Lance Moore,10.4,3.72,0.7,3.61,4.6,4.38,0.9,19.1,7.8875,31,3.47,4.57,5100,0.9,157,62,3.47,OAK,3.6,C-Game,4.9,5100,1031.4,0.97,3.491428571,18.2,-4.396071429,1,27,18.9,24,20.9,26,27.7,14,22,21,36.7,31,12.9,32,18.7,31,10,30,84.6,30,112,17,7.7
McClDe00,TEN,RB,Dexter McCluster,11.2,5.07,,4.356,6,4.004,0.8,14.4,7.155555556,23,3.33,4.19,5200,0.81,158,47,3.33,JAX,5.2,C-Game,7,5200,745.6,1.34,0,13.6,,2,21,17.2,22,20.6,27,27.8,15,22,16,35.5,23,9.3,23,14.5,24,8.2,22,77.3,25,103.1,30,10.6
FasaAn00,TEN,TE,Anthony Fasano,2.4,3.03,2.2,2.19,3.2,3.3,1.1,16.9,5.2,23,3.26,4.04,4500,0.9,161,24,3.26,JAX,3.6,C-Game,4.7,4500,966.8,1.03,3.24,15.8,-1.96,2,21,17.2,22,20.6,27,27.8,15,22,16,35.5,23,9.3,23,14.5,24,8.2,22,77.3,25,103.1,30,10.6
SanuMo00,CIN,WR,Mohamed Sanu,1,3.999,6.74,4.02,4.3,3.99,1,12.5,5.655555556,6,3.31,4.32,5100,0.85,161,64,3.31,ARI,3.9,C-Game,5.1,5100,999.1,1,4.399857143,11.5,-1.255698413,2,12,16.3,12,16.3,12,21.6,19,24.3,18,36.1,1,3.8,1,7.9,18,7.5,9,68,10,89.3,11,6.9
DobsAa00,NE,WR,Aaron Dobson,1,2.23,2.4,0.16,4.8,4.99,1,12.2,3.68,10,3.23,4.58,4500,1.02,163,65,3.23,BUF,1.3,C-Game,1.7,4500,2617.6,0.38,2.504285714,11.2,-1.175714286,1,8,14.8,20,19.9,17,24.5,13,21.8,17,35.5,6,5.1,7,9.5,3,5.9,8,67.5,12,90.2,18,7.7
RudoKy00,MIN,TE,Kyle Rudolph,1.2,3.47,5.7,3.15,5.2,5.32,1.2,11.5,5.3,21,3.21,4.4,4700,0.94,163,25,3.21,GB,4.6,C-Game,5.9,4700,790.6,1.26,4.148571429,10.3,-1.151428571,1,26,18.5,16,18.5,16,23.2,25,25.5,22,38,17,8.3,16,13.3,10,6.4,21,77.2,21,99.4,1,3.9
HogaCh00,BUF,WR,Chris Hogan,0,3.75,1.5,3.79,1.5,1.77,1.6,12.86,7.61,14,3.18,4.09,4900,0.83,165,66,3.18,NE,3.9,C-Game,5.3,4900,920.9,1.09,3.541428571,11.26,-4.068571429,2,23,17.4,6,13.9,10,20,21,24.4,23,38,14,7.8,14,12.8,5,6,14,69.5,15,94.2,2,4.5
DaniOw00,DEN,TE,Owen Daniels,1.9,3,9.2,2.79,4.4,5.39,1.5,19.2,6.8125,25,3.14,4.15,5000,0.83,166,27,3.14,CHI,3.4,C-Game,4.6,5000,1094.3,0.91,4.288571429,17.7,-2.523928571,2,20,17.1,11,15.9,11,20.2,16,23.4,14,35.3,7,5.2,5,9.1,28,8.5,16,70.1,11,90.1,26,9.4
FloyMi00,ARI,WR,Michael Floyd,26.8,7.84,3.9,6.54,0,0,1.7,26.8,10.8375,11,2.99,3.71,6400,0.58,168,67,2.99,CIN,6.3,C-Game,10.3,6400,622.1,1.61,5.467142857,25.1,-5.370357143,1,2,13.5,15,17.1,14,22.9,7,18.2,8,29.2,11,6.3,15,12.8,6,6,2,61,5,84.4,6,6.2
AlleJa01,BAL,RB,Javorius Allen,2.8,2.428,1.2,2.178,3.8,2.173,1.2,5.8,3.111111111,2,2.79,3.49,4900,0.71,169,48,2.79,STL,3.8,C-Game,4.3,4900,1147.6,0.87,2.739428571,4.6,-0.37168254,1,3,13.8,18,19.6,24,26.8,2,13.7,2,26.2,16,7.9,19,13.5,27,8.4,5,63.3,9,88.7,22,8.6
TateBr00,CIN,WR,Brandon Tate,0,1.54,0,0.08,0.7,0.51,0.9,12,6.45,6,2.94,3.71,4700,0.79,169,68,2.94,,,,7.809907121,,,,0,11.1,,,,,,,,,,,,,,,,,,,,,,,,
QuicBr00,STL,WR,Brian Quick,4.2,3.36,3.2,2.45,5.7,5.38,0.4,4.2,1.775,17,2.93,3.95,4700,0.84,170,69,2.93,BAL,4.1,C-Game,4.8,4700,976.5,1.02,3.374285714,3.8,1.599285714,2,30,20.9,14,17,15,23.1,30,28.9,29,42.6,3,4.5,2,8.5,32,10.4,27,81.6,28,105.4,8,6.4
PolkCh00,HOU,RB,Chris Polk,1.4,2.539,0.48,2.578,1.8,1.315,0.5,12.5,4.088888889,4,2.76,3.44,5200,0.66,172,50,2.76,NYJ,4.5,C-Game,5.1,5200,1013.8,0.99,2.808142857,12,-1.280746032,1,6,14,3,12.6,4,16.8,12,21.8,11,33.3,8,5.2,8,9.7,17,7.4,3,61.1,2,81.3,14,7.4
FowlBe00,DEN,WR,Bennie Fowler,2.2,2,,1.37,0.1,0.08,1.6,7,3.783333333,25,2.67,3.47,4800,0.72,176,71,2.67,,,,7.809907121,,,,0,5.4,,,,,,,,,,,,,,,,,,,,,,,,
BeasCo00,DAL,WR,Cole Beasley,1.3,4.43,2.2,4.87,3.1,3.29,1.3,27.7,8.485714286,26,2.66,3.78,5400,0.7,177,72,2.66,MIA,4.5,C-Game,5.9,5400,920.8,1.09,3.785714286,26.4,-4.7,2,18,17,31,24.4,31,28.9,17,23.7,15,35.5,19,8.6,17,13.3,16,7.4,26,81,23,102,21,8.5
BoldBr00,NE,RB,Brandon Bolden,-0.3,1.46,0.66,2.256,2.9,2.431,0.8,11.4,4.666666667,10,2.62,3.55,5900,0.6,177,51,2.62,BUF,1.1,C-Game,1.5,5900,4045.5,0.25,2.095142857,10.6,-2.57152381,1,8,14.8,20,19.9,17,24.5,13,21.8,17,35.5,6,5.1,7,9.5,3,5.9,8,67.5,12,90.2,18,7.7
BrowJa03,ARI,WR,Jaron Brown,5.3,1.923,0,3.18,5.8,6.23,0.8,9,3.883333333,11,2.62,3.66,4500,0.81,178,73,2.62,CIN,5.1,C-Game,5.9,4500,768.7,1.3,2.843285714,8.2,-1.040047619,1,2,13.5,15,17.1,14,22.9,7,18.2,8,29.2,11,6.3,15,12.8,6,6,2,61,5,84.4,6,6.2
TolbMi00,CAR,FB,Mike Tolbert,2.6,2.519,1.62,2.901,2.6,1.956,0.7,14.3,4.055555556,15,2.6,3.14,4900,0.64,178,52,2.6,WAS,2.2,C-Game,2.7,4900,1816.6,0.55,2.582857143,13.6,-1.472698413,1,13,16.5,8,15.8,7,19.7,20,24.3,13,35.1,9,5.5,10,10.3,13,6.8,11,68.9,7,88.4,12,6.9
GresJe00,ARI,TE,Jermaine Gresham,9.6,3.07,1.9,2.65,2.8,3.03,0.9,9.6,4.042857143,11,2.57,3.34,4500,0.74,179,29,2.57,CIN,2.6,C-Game,3.2,4500,1390.9,0.72,2.757142857,8.7,-1.285714286,1,2,13.5,15,17.1,14,22.9,7,18.2,8,29.2,11,6.3,15,12.8,6,6,2,61,5,84.4,6,6.2
AustMi00,PHI,WR,Miles Austin,0,2.15,1.6,2.97,0.5,0.26,3.2,12.1,6.64,18,2.47,3.11,5000,0.62,182,74,2.47,TB,3.1,C-Game,3.6,5000,1382.1,0.72,2.624285714,8.9,-4.015714286,1,24,17.8,9,15.9,8,19.7,22,24.5,24,38.4,13,7.4,12,12.1,22,8,20,73.4,20,95.9,27,9.4
CeleBr00,PHI,TE,Brent Celek,15.4,2.08,1.3,3.63,3.4,3.17,1.1,15.4,7.6,18,2.43,2.82,5300,0.53,183,31,2.43,TB,2.4,C-Game,3,5300,1786.6,0.56,2.527142857,14.3,-5.072857143,1,24,17.8,9,15.9,8,19.7,22,24.5,24,38.4,13,7.4,12,12.1,22,8,20,73.4,20,95.9,27,9.4
DickEd00,CAR,TE,Ed Dickson,9.6,1.93,1.8,3.04,2.4,2.57,1.1,9.6,4.416666667,15,2.41,3.31,4800,0.69,184,32,2.41,WAS,1.4,C-Game,2.1,4800,2282.8,0.44,2.428571429,8.5,-1.988095238,1,13,16.5,8,15.8,7,19.7,20,24.3,13,35.1,9,5.5,10,10.3,13,6.8,11,68.9,7,88.4,12,6.9
GrimJo01,HOU,RB,Jonathan Grimes,5,2.365,0.24,3.649,5.3,3.26,2.2,7.7,4.84,4,2.3,2.96,5300,0.56,186,53,2.3,NYJ,2.8,C-Game,3.7,5300,1424.2,0.7,2.502,5.5,-2.338,1,6,14,3,12.6,4,16.8,12,21.8,11,33.3,8,5.2,8,9.7,17,7.4,3,61.1,2,81.3,14,7.4
KerlJe00,NYJ,WR,Jeremy Kerley,1.2,2.95,4.22,3.32,3,3.32,1.2,12.3,7.04,13,2.35,3.1,4800,0.65,186,76,2.35,HOU,1.9,C-Game,2.6,4800,1831.1,0.55,2.984285714,11.1,-4.055714286,2,17,16.9,28,21.4,25,27.5,9,21.1,10,32.5,10,6.2,11,10.5,8,6.3,18,71.8,14,93.7,19,7.7
StilKe00,MIA,WR,Kenny Stills,0,4.1,3.7,4.62,6.2,5.87,1.7,16.6,6.983333333,22,2.35,2.94,4800,0.61,186,76,2.35,DAL,3.9,C-Game,4.8,4800,999.6,1,3.551428571,14.9,-3.431904762,1,4,13.9,19,19.7,18,24.9,6,17.4,5,27.9,5,5,6,9.1,15,7.4,6,63.3,3,83.2,25,9.1
HuffJo00,PHI,WR,Josh Huff,9.8,3.07,3.4,2.94,1.8,1.68,1.5,15.8,5.485714286,18,2.25,3.14,4900,0.64,188,77,2.25,TB,2.9,C-Game,3.9,4900,1248.1,0.8,2.992857143,14.3,-2.492857143,1,24,17.8,9,15.9,8,19.7,22,24.5,24,38.4,13,7.4,12,12.1,22,8,20,73.4,20,95.9,27,9.4
WareSp00,KC,RB,Spencer Ware,0.4,1.305,,0.018,0,0,0.4,7.2,2.8,28,2.25,2.47,4700,0.53,188,54,2.25,SD,2.2,C-Game,2.2,4700,2099.5,0.48,0,6.8,,2,19,17,32,25.3,32,30.8,8,18.9,7,28.7,25,9.6,21,14.3,29,8.8,25,79.6,22,99.5,24,8.9
MyerBr00,TB,TE,Brandon Myers,5,2.52,1.3,1.63,4.7,5.05,1.3,5,3.74,5,2.19,3.07,4600,0.67,190,34,2.19,PHI,2,C-Game,2.7,4600,1730.4,0.58,2.228571429,3.7,-1.511428571,2,16,16.8,2,12.2,1,16.1,31,29,32,44.6,2,4.2,4,8.9,20,7.8,15,70,16,94.2,16,7.5
WillLu00,SEA,TE,Luke Willson,0,2.25,1.4,3.7,3.1,2.95,2.1,11.1,4.6,29,2.09,2.68,4500,0.6,193,35,2.09,SF,2,C-Game,2.5,4500,1835.8,0.54,2.387142857,9,-2.212857143,1,25,18.1,26,21.1,28,28.4,24,25.3,25,38.5,18,8.4,20,13.9,7,6.2,24,79.1,27,105,29,9.9
RidlSt00,NYJ,RB,Stevan Ridley,-0.1,2.05,0.8,2.22,0.2,0.024,0,0,0,13,2.07,2.67,5000,0.53,194,55,2.07,,,,7.809907121,,,,0,0,,,,,,,,,,,,,,,,,,,,,,,,
HolmAn00,OAK,WR,Andre Holmes,9.9,2.16,1.6,3.32,4.4,3.8,6.5,18.4,10.4,27,2.02,2.39,5100,0.47,195,81,2.02,DET,2.4,C-Game,2.8,5100,1840.5,0.54,2.33,11.9,-8.07,2,31,21,23,20.8,19,25.6,27,26.6,27,41.9,26,10.5,26,16,21,7.8,31,86.7,31,112.3,20,8.2
AvanJa00,KC,WR,Jason Avant,0,1.77,2.6,2.75,0.6,0.37,0.9,6.3,2.775,28,2.01,2.7,4500,0.6,196,82,2.01,,,,7.809907121,,,,0,5.4,,,,,,,,,,,,,,,,,,,,,,,,
GranRy01,WAS,WR,Ryan Grant,0,1.97,,2.84,0.1,0.06,0.9,12.9,4.842857143,7,1.97,2.6,4600,0.57,198,84,1.97,,,,7.809907121,,,,0,12,,,,,,,,,,,,,,,,,,,,,,,,
RawlTh00,SEA,RB,Thomas Rawls,1.9,1.541,0.47,2.624,2.5,1.211,0.5,22.9,5.975,29,1.94,2.07,5600,0.37,199,56,1.94,SF,4.3,C-Game,4.5,5600,1232,0.81,2.155,22.4,-3.82,1,25,18.1,26,21.1,28,28.4,24,25.3,25,38.5,18,8.4,20,13.9,7,6.2,24,79.1,27,105,29,9.9
WillMa04,BAL,TE,Maxx Williams,12,3.16,3.2,4.4,2.3,2.02,0.5,12,4.114285714,2,1.9,2.63,4700,0.56,201,36,1.9,STL,2,C-Game,2.9,4700,1615.3,0.62,2.87,11.5,-1.244285714,1,3,13.8,18,19.6,24,26.8,2,13.7,2,26.2,16,7.9,19,13.5,27,8.4,5,63.3,9,88.7,22,8.6
KendLa00,STL,TE,Lance Kendricks,0.9,1.94,2.7,2.41,1.9,2.37,0.9,11.2,3.442857143,17,1.86,2.51,4600,0.55,204,37,1.86,BAL,2.9,C-Game,3.7,4600,1233.8,0.81,2.425714286,10.3,-1.017142857,2,30,20.9,14,17,15,23.1,30,28.9,29,42.6,3,4.5,2,8.5,32,10.4,27,81.6,28,105.4,8,6.4
SimsDi00,MIA,TE,Dion Sims,1.3,2.49,,2.71,2.1,1.97,0.2,11.3,3.06,22,1.86,2.51,4600,0.55,204,37,1.86,DAL,2,C-Game,2.9,4600,1561.3,0.64,0,11.1,,1,4,13.9,19,19.7,18,24.9,6,17.4,5,27.9,5,5,6,9.1,15,7.4,6,63.3,3,83.2,25,9.1
WrigJa02,MIN,WR,Jarius Wright,0.7,3.26,3.47,3.66,3.7,3.58,0.7,7.9,3.6,21,1.81,2.44,4900,0.5,205,88,1.81,GB,3,C-Game,3.8,4900,1289.7,0.78,2.892857143,7.2,-0.707142857,1,26,18.5,16,18.5,16,23.2,25,25.5,22,38,17,8.3,16,13.3,10,6.4,21,77.2,21,99.4,1,3.9
WalfCl00,OAK,TE,Clive Walford,8.8,2.55,,2.68,2.8,2.89,0.6,11.2,4.885714286,27,1.79,2.21,4800,0.46,206,38,1.79,DET,2.8,C-Game,3.7,4800,1302.1,0.77,0,10.6,,2,31,21,23,20.8,19,25.6,27,26.6,27,41.9,26,10.5,26,16,21,7.8,31,86.7,31,112.3,20,8.2
ReecMa00,OAK,FB,Marcel Reece,0.5,2.611,0.63,3.813,2.4,2.458,0.5,16.1,5.733333333,27,1.72,2.03,5000,0.41,210,57,1.72,DET,4.1,C-Game,5.3,5000,941.6,1.06,2.546285714,15.6,-3.187047619,2,31,21,23,20.8,19,25.6,27,26.6,27,41.9,26,10.5,26,16,21,7.8,31,86.7,31,112.3,20,8.2
ChanSc00,NE,TE,Scott Chandler,6.6,2.1,3.4,2.71,2.9,3.03,1,6.6,4.025,10,1.69,2.18,4600,0.47,211,40,1.69,BUF,2.2,C-Game,2.9,4600,1606.5,0.62,2.381428571,5.6,-1.643571429,1,8,14.8,20,19.9,17,24.5,13,21.8,17,35.5,6,5.1,7,9.5,3,5.9,8,67.5,12,90.2,18,7.7
MumpKe00,HOU,WR,Keith Mumphery,0,1.31,1.6,0.06,1.4,1.47,0.8,7.6,3.316666667,4,1.63,2.41,4800,0.5,213,91,1.63,,,,7.809907121,,,,0,6.8,,,,,,,,,,,,,,,,,,,,,,,,
HumpAd00,TB,WR,Adam Humphries,3.5,2.74,,2,4.5,4.88,2.4,8,4.2,5,1.58,2.37,5000,0.47,214,92,1.58,PHI,3.4,C-Game,4.9,5000,1025.4,0.98,0,5.6,,2,16,16.8,2,12.2,1,16.1,31,29,32,44.6,2,4.2,4,8.9,20,7.8,15,70,16,94.2,16,7.5
ElliRh00,MIN,TE,Rhett Ellison,8.8,1.53,,1.97,1.5,1.54,0.8,8.8,3.325,21,1.56,2.08,4500,0.46,215,42,1.56,,,,7.809907121,,,,0,8,,,,,,,,,,,,,,,,,,,,,,,,
MasoTr00,STL,RB,Tre Mason,3.2,2.036,0.96,1.081,4.1,2.244,0.4,5.7,2.95,17,1.5,1.96,5000,0.39,217,59,1.5,BAL,1.9,C-Game,2.3,5000,2161.8,0.46,1.619571429,5.3,-1.330428571,2,30,20.9,14,17,15,23.1,30,28.9,29,42.6,3,4.5,2,8.5,32,10.4,27,81.6,28,105.4,8,6.4
CaldAn00,DEN,WR,Andre Caldwell,8.3,1.87,3,1.63,2.1,1.92,0.6,8.3,2.733333333,25,1.49,2.11,4500,0.47,219,93,1.49,,,,7.809907121,,,,0,7.7,,,,,,,,,,,,,,,,,,,,,,,,
ThomDe05,KC,WR,De'Anthony Thomas,5.7,2.442,2.85,2.75,6.6,6.569,0.1,10.7,3.911111111,28,1.36,1.69,4500,0.38,219,61,1.36,SD,2.3,C-Game,3.3,4500,1363.4,0.73,2.250285714,10.6,-1.660825397,2,19,17,32,25.3,32,30.8,8,18.9,7,28.7,25,9.6,21,14.3,29,8.8,25,79.6,22,99.5,24,8.9
RobiDe00,JAC,RB,Denard Robinson,0.1,2.296,1.3,2.404,5.2,4.208,0.1,5.5,2.4,12,1.31,1.63,5000,0.33,220,62,1.31,TEN,2.7,C-Game,3.2,5000,1583.4,0.63,1.921428571,5.4,-0.478571429,1,22,17.4,5,13.8,3,16.7,11,21.4,9,31.4,28,11,27,16.3,2,5.7,13,69.3,6,87.4,32,13.7
McKiJe00,MIN,RB,Jerick McKinnon,1.2,1.008,0.95,1.392,0.7,0.1,0.2,4.2,1.811111111,21,1.13,1.35,4700,0.29,222,63,1.13,GB,1.8,C-Game,2.1,4700,2213.7,0.45,1.294285714,4,-0.516825397,1,26,18.5,16,18.5,16,23.2,25,25.5,22,38,17,8.3,16,13.3,10,6.4,21,77.2,21,99.4,1,3.9
AsiaMa00,MIN,RB,Matt Asiata,3.5,2.188,0.89,2.262,2.9,1.467,0.3,4.2,2.2,21,1.12,1.29,4500,0.29,223,64,1.12,,,,7.809907121,,,,0,3.9,,,,,,,,,,,,,,,,,,,,,,,,
JennGr00,MIA,WR,Greg Jennings,1.4,1.63,3.4,2.06,2.6,2.28,1.4,4.7,2.8,22,1.06,1.44,4500,0.32,226,94,1.06,DAL,1.7,C-Game,2.3,4500,1966.6,0.51,1.85,3.3,-0.95,1,4,13.9,19,19.7,18,24.9,6,17.4,5,27.9,5,5,6,9.1,15,7.4,6,63.3,3,83.2,25,9.1
LewiMa00,JAC,TE,Marcedes Lewis,1.4,1.45,3.2,1.47,2.9,3.07,1.3,6.5,2.94,12,0.99,1.34,4500,0.3,228,45,0.99,TEN,1.2,C-Game,1.8,4500,2517.8,0.4,1.605714286,5.2,-1.334285714,1,22,17.4,5,13.8,3,16.7,11,21.4,9,31.4,28,11,27,16.3,2,5.7,13,69.3,6,87.4,32,13.7
CunnBe01,STL,RB,Benny Cunningham,0.7,1.464,2.02,2.817,0.7,0.196,0.7,14.2,4.6,17,0.94,1.21,4700,0.26,229,68,0.94,BAL,1.4,C-Game,2.2,4700,2171.2,0.46,1.655857143,13.5,-2.944142857,2,30,20.9,14,17,15,23.1,30,28.9,29,42.6,3,4.5,2,8.5,32,10.4,27,81.6,28,105.4,8,6.4
CassMa00,DAL,QB,Matt Cassel,6.64,0.284,14.6,0.204,0,0,6.64,24.66,12.49,26,0.87,0.94,6000,0.16,231,29,0.87,,,,7.809907121,,,,0,18.02,,,,,,,,,,,,,,,,,,,,,,,,
KuhnJo00,GB,FB,John Kuhn,0,1.022,0.13,2.065,0.6,0.805,0.3,7.4,3.566666667,16,0.89,1.16,4500,0.26,231,70,0.89,,,,7.809907121,,,,0,7.1,,,,,,,,,,,,,,,,,,,,,,,,
GreeVi00,DEN,TE,Virgil Green,1.3,1.2,2.3,2.55,0.3,0.17,1.3,8.2,4.4,25,0.8,0.95,4500,0.21,236,47,0.8,,,,7.809907121,,,,0,6.9,,,,,,,,,,,,,,,,,,,,,,,,
JuszKy00,BAL,FB,Kyle Juszczyk,7.2,2.577,,2.79,2.4,2.79,0.8,10.6,4.788888889,2,0.78,1.08,4500,0.24,239,72,0.78,STL,3.3,C-Game,4.4,4500,1017.1,0.98,0,9.8,,1,3,13.8,18,19.6,24,26.8,2,13.7,2,26.2,16,7.9,19,13.5,27,8.4,5,63.3,9,88.7,22,8.6
McCoCo00,WAS,QB,Colt McCoy,0,0.194,0,0,,,0,0,0,7,0.73,0.79,5000,0.16,239,34,0.73,,,,7.809907121,,,,0,0,,,,,,,,,,,,,,,,,,,,,,,,
EaslMa00,BUF,WR,Marcus Easley,0,0.38,,0.04,1.5,1.74,12.3,12.3,12.3,14,0.74,0.86,4500,0.19,240,95,0.74,,,,7.809907121,,,,0,0,,,,,,,,,,,,,,,,,,,,,,,,
OlawJa00,OAK,RB,Jamize Olawale,7.4,2.129,,2.208,2,2.043,0.4,7.9,4.2,27,0.72,0.8,4800,0.17,242,74,0.72,DET,2.9,C-Game,3.4,4800,1392.8,0.72,0,7.5,,2,31,21,23,20.8,19,25.6,27,26.6,27,41.9,26,10.5,26,16,21,7.8,31,86.7,31,112.3,20,8.2
BratCa00,UNK,UNK,Cameron Brate,1.1,1.3,,1.76,,,0,0,0,5,0.71,0.89,4500,0.2,243,49,0.71,PHI,1.9,C-Game,2.4,4500,1881.3,0.53,0,,,2,16,16.8,2,12.2,1,16.1,31,29,32,44.6,2,4.2,4,8.9,20,7.8,15,70,16,94.2,16,7.5
BrowMa00,BAL,WR,Marlon Brown,1.1,2.82,3.6,2.53,3.3,3.4,0.5,3.9,2.275,2,0.72,1.18,4500,0.26,243,96,0.72,,,,7.809907121,,,,0,3.4,,,,,,,,,,,,,,,,,,,,,,,,
DaviKe01,NYJ,TE,Kellen Davis,0,1.25,,2.78,0.4,0.25,6.6,6.6,6.6,13,0.71,0.91,4500,0.2,243,49,0.71,,,,7.809907121,,,,0,0,,,,,,,,,,,,,,,,,,,,,,,,
WaltBr00,JAC,WR,Bryan Walters,4.4,1.93,2.2,3.66,5,4.83,1,13.9,6.325,12,0.72,0.95,5100,0.19,243,96,0.72,TEN,4,C-Game,5.4,5100,943.6,1.06,2.225714286,12.9,-4.099285714,1,22,17.4,5,13.8,3,16.7,11,21.4,9,31.4,28,11,27,16.3,2,5.7,13,69.3,6,87.4,32,13.7
EscoGa00,DAL,TE,Gavin Escobar,2.7,1.52,2.3,2.89,0.2,0.12,0.6,7.8,3.7,26,0.69,1.03,4500,0.23,246,51,0.69,MIA,1.7,C-Game,2,4500,2196.2,0.46,1.588571429,7.2,-2.111428571,2,18,17,31,24.4,31,28.9,17,23.7,15,35.5,19,8.6,17,13.3,16,7.4,26,81,23,102,21,8.5
JaniJe00,GB,WR,Jeff Janis,0,0.26,0.9,0.05,0.3,0.15,8.9,8.9,8.9,16,0.67,0.77,4500,0.17,249,99,0.67,,,,7.809907121,,,,0,0,,,,,,,,,,,,,,,,,,,,,,,,
LeexMa00,JAC,WR,Marqise Lee,1.6,3.009,4.81,3.12,2,1.79,1.6,4.9,2.766666667,12,0.61,0.84,4600,0.18,254,103,0.61,TEN,1.3,C-Game,1.7,4600,2678.6,0.37,2.099857143,3.3,-0.666809524,1,22,17.4,5,13.8,3,16.7,11,21.4,9,31.4,28,11,27,16.3,2,5.7,13,69.3,6,87.4,32,13.7
RainBo00,TB,RB,Bobby Rainey,0,0.143,1.78,0.03,0.2,0.036,0.3,1.9,1.1,5,0.6,0.91,4600,0.2,255,77,0.6,PHI,0.3,C-Game,0.4,4600,11233.2,0.09,0.637571429,1.6,-0.462428571,2,16,16.8,2,12.2,1,16.1,31,29,32,44.6,2,4.2,4,8.9,20,7.8,15,70,16,94.2,16,7.5
YounDa01,WAS,FB,Darrel Young,1.5,0.186,,1.334,0,0,0.1,1.5,0.72,7,0.59,0.67,4500,0.15,256,78,0.59,,,,7.809907121,,,,0,1.4,,,,,,,,,,,,,,,,,,,,,,,,
CareKa00,CHI,RB,Ka'Deem Carey,3.6,1.458,2.38,2.13,4.3,3.204,2.8,3.6,3.2,1,0.56,0.73,4800,0.15,258,79,0.56,DEN,4,C-Game,4.5,4800,1068.8,0.94,1.759714286,0.8,-1.440285714,1,1,9.2,21,20.2,20,26.1,1,11.8,1,22.1,12,6.3,9,10.2,12,6.6,1,54,1,74.2,28,9.8
FowlJa00,TEN,FB,Jalston Fowler,1.9,1.366,,1.491,0,0.03,1.9,6.9,3.833333333,23,0.55,0.68,0,0,259,80,0.55,,,,7.809907121,,,,0,5,,,,,,,,,,,,,,,,,,,,,,,,
PettBr00,DET,TE,Brandon Pettigrew,6.7,1.49,,2.71,2.1,1.87,4.4,6.7,5.55,31,0.54,0.72,4500,0.16,261,54,0.54,,,,7.809907121,,,,0,2.3,,,,,,,,,,,,,,,,,,,,,,,,
ThieAd00,MIN,WR,Adam Thielen,1.4,0.262,,0.09,0.2,0.15,1.4,10,4.375,21,0.55,0.76,4500,0.17,262,106,0.55,,,,7.809907121,,,,0,8.6,,,,,,,,,,,,,,,,,,,,,,,,
MostRa00,BAL,RB,Raheem Mostert,0,0.088,,0.047,,,0,0,0,2,0.5,0.62,0,0,264,81,0.5,,,,7.809907121,,,,0,0,,,,,,,,,,,,,,,,,,,,,,,,
RossRa00,WAS,WR,Rashad Ross,0,0.14,,0,0,0,2.1,9.7,5.533333333,7,0.52,0.62,4800,0.13,266,109,0.52,,,,7.809907121,,,,0,7.6,,,,,,,,,,,,,,,,,,,,,,,,
ThomJu01,DEN,RB,Juwan Thompson,0,0.168,0.15,0.015,0.3,0.031,1.1,2.1,1.6,25,0.49,0.7,4900,0.14,266,82,0.49,,,,7.809907121,,,,0,1,,,,,,,,,,,,,,,,,,,,,,,,
WhitFo00,CAR,RB,Fozzy Whittaker,0,1.016,1.7,2.3,0.9,1.102,0.3,3.3,1.442857143,15,0.48,0.71,4500,0.16,267,83,0.48,WAS,0.3,C-Game,0.3,4500,16635.9,0.06,0.998,3,-0.444857143,1,13,16.5,8,15.8,7,19.7,20,24.3,13,35.1,9,5.5,10,10.3,13,6.8,11,68.9,7,88.4,12,6.9
AjirSe00,PHI,WR,Seyi Ajirotutu,0,0.24,0,0,0,0,0,0,0,18,0.5,0.64,4500,0.14,269,111,0.5,,,,7.809907121,,,,0,0,,,,,,,,,,,,,,,,,,,,,,,,
HarrAl00,GB,RB,Alonzo Harris,0,0.033,,0,0.1,0.005,0.2,1.7,0.95,16,0.46,0.48,4500,0.11,270,85,0.46,,,,7.809907121,,,,0,1.5,,,,,,,,,,,,,,,,,,,,,,,,
RobeSe00,OAK,WR,Seth Roberts,1,2.12,,2.09,6.7,6.74,1,13.1,5.285714286,27,0.49,0.63,4900,0.13,270,112,0.49,DET,3.5,C-Game,4.4,4900,1116.2,0.9,0,12.1,,2,31,21,23,20.8,19,25.6,27,26.6,27,41.9,26,10.5,26,16,21,7.8,31,86.7,31,112.3,20,8.2
TaylSt00,ARI,RB,Stepfan Taylor,0,0.04,0.69,0.014,0,0.001,0.6,1.9,1.25,11,0.46,0.5,4500,0.11,270,85,0.46,,,,7.809907121,,,,0,1.3,,,,,,,,,,,,,,,,,,,,,,,,
HewiRy00,CIN,TE,Ryan Hewitt,1.2,0.283,,1.39,0.8,1.05,1.2,2.7,2,6,0.43,0.57,0,0,273,87,0.43,,,,7.809907121,,,,0,1.5,,,,,,,,,,,,,,,,,,,,,,,,
FoleNi00,STL,QB,Nick Foles,7,0.183,0,0.158,0,0,5.84,18.98,10.56888889,17,0.38,0.4,6300,0.06,274,40,0.38,,,,7.809907121,,,,0,13.14,,,,,,,,,,,,,,,,,,,,,,,,
BurtMi00,DET,FB,Michael Burton,0,0.099,,0.01,0,0,0.2,1.1,0.7,31,0.39,0.61,0,0,277,89,0.39,,,,7.809907121,,,,0,0.9,,,,,,,,,,,,,,,,,,,,,,,,
LatiCo00,DEN,WR,Cody Latimer,4.5,0.4,0.8,0.03,3,3.21,4.5,4.5,4.5,25,0.43,0.54,4500,0.12,277,114,0.43,,,,7.809907121,,,,0,0,,,,,,,,,,,,,,,,,,,,,,,,
BoylNi00,BAL,TE,Nick Boyle,5,1.69,1.3,,0.1,0.08,2,11,4.933333333,2,0.37,0.53,4500,0.12,278,59,0.37,STL,1.3,C-Game,1.9,4500,2348.5,0.43,0,9,,1,3,13.8,18,19.6,24,26.8,2,13.7,2,26.2,16,7.9,19,13.5,27,8.4,5,63.3,9,88.7,22,8.6
LaneJo00,TB,FB,Jorvorskie Lane,1.3,0.173,,0.011,0,0.02,1,1.3,1.15,5,0.38,0.53,0,0,278,90,0.38,,,,7.809907121,,,,0,0.3,,,,,,,,,,,,,,,,,,,,,,,,
RipkAa00,GB,FB,Aaron Ripkowski,0,0.111,,0.011,0,0,2.3,2.3,2.3,16,0.38,0.46,0,0,278,90,0.38,,,,7.809907121,,,,0,0,,,,,,,,,,,,,,,,,,,,,,,,
MariMa00,CHI,WR,Marc Mariani,-2,1.23,0,0.04,4.9,4.81,2.4,3.3,2.85,1,0.4,0.49,4500,0.11,279,115,0.4,,,,7.809907121,,,,0,0.9,,,,,,,,,,,,,,,,,,,,,,,,
BellJo02,CHI,WR,Josh Bellamy,0,1.19,0,0.04,1,1.22,1.1,11.3,6.166666667,1,0.37,0.53,4500,0.12,283,116,0.37,DEN,2.4,C-Game,3.1,4500,1447.7,0.69,0.8,10.2,-5.366666667,1,1,9.2,21,20.2,20,26.1,1,11.8,1,22.1,12,6.3,9,10.2,12,6.6,1,54,1,74.2,28,9.8
WillDa05,MIA,RB,Damien Williams,0,0.255,0.59,0.033,0,0.001,0.5,9.5,2.666666667,22,0.33,0.5,4900,0.1,283,92,0.33,,,,7.809907121,,,,0,9,,,,,,,,,,,,,,,,,,,,,,,,
BurkRe00,CIN,RB,Rex Burkhead,0,0.2,0,0.04,0.6,0.887,1.2,3.2,2.15,6,0.32,0.41,4500,0.09,284,93,0.32,,,,7.809907121,,,,0,2,,,,,,,,,,,,,,,,,,,,,,,,
SmitLe00,OAK,TE,Lee Smith,0.6,1.3,,2.58,1.3,1.3,0.6,2.4,1.3,27,0.25,0.36,4500,0.08,286,61,0.25,,,,7.809907121,,,,0,1.8,,,,,,,,,,,,,,,,,,,,,,,,
SherAn00,KC,FB,Anthony Sherman,0,0.366,,1.083,0.1,0.012,0.5,1.8,1.15,28,0.25,0.42,0,0,287,94,0.25,,,,7.809907121,,,,0,1.3,,,,,,,,,,,,,,,,,,,,,,,,
WillMi06,NE,TE,Michael Williams,0,0.13,,,0.1,0.04,0.9,2,1.45,10,0.21,0.29,0,0,290,63,0.21,,,,7.809907121,,,,0,1.1,,,,,,,,,,,,,,,,,,,,,,,,
WhitLu00,DAL,WR,Lucky Whitehead,0.5,0.252,,,1,1.28,0.2,3.5,1.14,26,0.24,0.33,4500,0.07,293,119,0.24,,,,7.809907121,,,,0,3.3,,,,,,,,,,,,,,,,,,,,,,,,
PruiMy00,MIN,TE,MyCole Pruitt,1.7,0.47,,0.04,0,0,1.1,2.5,1.775,21,0.16,0.27,4500,0.06,294,65,0.16,,,,7.809907121,,,,0,1.4,,,,,,,,,,,,,,,,,,,,,,,,
StocLu00,TB,TE,Luke Stocker,0,0.33,,0.05,0.9,0.59,3.7,3.7,3.7,5,0.13,0.22,4500,0.05,295,66,0.13,PHI,1.2,C-Game,1.7,4500,2637.7,0.38,0,0,,2,16,16.8,2,12.2,1,16.1,31,29,32,44.6,2,4.2,4,8.9,20,7.8,15,70,16,94.2,16,7.5
ThomKe02,NYJ,WR,Kenbrell Thompkins,0.7,2.04,,1.77,1.7,1.74,0.7,7.1,4.766666667,13,0.22,0.36,4900,0.07,295,120,0.22,HOU,2.9,C-Game,4.1,4900,1187.6,0.84,0,6.4,,2,17,16.9,28,21.4,25,27.5,9,21.1,10,32.5,10,6.2,11,10.5,8,6.3,18,71.8,14,93.7,19,7.7
PattCo00,MIN,WR,Cordarrelle Patterson,6.6,0.091,2.41,0.08,0,0.02,0.6,6.6,2.375,21,0.19,0.34,4500,0.08,298,122,0.19,,,,7.809907121,,,,0,6,,,,,,,,,,,,,,,,,,,,,,,,
PeriJu00,GB,TE,Justin Perillo,14.3,1.55,,,0,0,1.1,14.3,6,16,0.08,0.09,4800,0.02,298,67,0.08,MIN,1.6,C-Game,2.2,4800,2198.5,0.45,0,13.2,,2,14,16.5,7,15.7,6,19.6,10,21.2,12,33.8,20,9,22,14.3,11,6.4,10,68.8,13,90.7,7,6.4
BreeDr00,NO,QB,Drew Brees,14.36,0,,,,,12.8,47.54,21.45555556,,0,0,0,0,300,46,0,,,,7.809907121,,,,0,34.74,,,,,,,,,,,,,,,,,,,,,,,,
JoneLa02,PIT,QB,Landry Jones,0.92,0,,,,,0.92,14.62,6.715,,0,0,0,0,300,46,0,,,,7.809907121,,,,0,13.7,,,,,,,,,,,,,,,,,,,,,,,,
ManzJo00,CLE,QB,Johnny Manziel,17.58,0,,,,,0.58,17.58,9.72,,0,0,0,0,300,46,0,,,,7.809907121,,,,0,17,,,,,,,,,,,,,,,,,,,,,,,,
MullMa00,BUF,TE,Matthew Mulligan,0,0.04,,0.03,0,0,0.7,0.7,0.7,14,0.05,0.18,4500,0.04,300,68,0.05,,,,7.809907121,,,,0,0,,,,,,,,,,,,,,,,,,,,,,,,
WebbJo00,CAR,QB,Joe Webb,0,0,,0,,,0,0,0,15,0,0,5000,0,300,46,0,,,,7.809907121,,,,0,0,,,,,,,,,,,,,,,,,,,,,,,,
ShepRu00,TB,WR,Russell Shepard,0,0.38,,0.01,3.7,3.65,1.1,1.1,1.1,5,0.13,0.19,4500,0.04,303,123,0.13,,,,7.809907121,,,,0,0,,,,,,,,,,,,,,,,,,,,,,,,
MillHe00,PIT,TE,Heath Miller,6,0,,,,,0.6,16.5,7.277777778,,0,0,0,0,304,70,0,,,,7.809907121,,,,0,15.9,,,,,,,,,,,,,,,,,,,,,,,,
TyexWi00,NYG,TE,Will Tye,8.1,0,,,,,2.9,8.1,5.25,,0,0,0,0,304,70,0,,,,7.809907121,,,,0,5.2,,,,,,,,,,,,,,,,,,,,,,,,
CrowIs00,CLE,RB,Isaiah Crowell,0.4,0,,,,,0.4,15.7,6.82,,0,0,0,0,305,97,0,,,,7.809907121,,,,0,15.3,,,,,,,,,,,,,,,,,,,,,,,,
MurpMa03,NO,RB,Marcus Murphy,0,0,,,,,6,6,6,,0,0,0,0,305,97,0,,,,7.809907121,,,,0,0,,,,,,,,,,,,,,,,,,,,,,,,
SankBi00,TEN,RB,Bishop Sankey,0.7,0.208,,2.134,,,0.7,21.6,6.65,23,0,0,4600,0,305,97,0,,,,7.809907121,,,,0,20.9,,,,,,,,,,,,,,,,,,,,,,,,
SpilC.00,NO,RB,C.J. Spiller,4.4,0,,,,,1.5,19.4,6.311111111,,0,0,0,0,305,97,0,,,,7.809907121,,,,0,17.9,,,,,,,,,,,,,,,,,,,,,,,,
VereSh00,NYG,RB,Shane Vereen,3.6,0,,,,,1.1,21,8.69,,0,0,0,0,305,97,0,,,,7.809907121,,,,0,19.9,,,,,,,,,,,,,,,,,,,,,,,,
MarqBr00,STL,WR,Bradley Marquez,2.9,0.06,,,0.7,0.4,0.8,2.9,1.566666667,17,0.05,0.09,4500,0.02,307,126,0.05,,,,7.809907121,,,,0,2.1,,,,,,,,,,,,,,,,,,,,,,,,
BrowAn04,PIT,WR,Antonio Brown,38.9,0,0,,,,3.9,38.9,20.04,,0,0,0,0,311,128,0,,,,7.809907121,,,,0,35,,,,,,,,,,,,,,,,,,,,,,,,
BryaMa00,PIT,WR,Martavis Bryant,24.8,0,0,,,,6.9,29.5,17.02,,0,0,0,0,311,128,0,,,,7.809907121,,,,0,22.6,,,,,,,,,,,,,,,,,,,,,,,,
ColeBr00,NO,WR,Brandon Coleman,1.9,0,0,,,,1.4,12.1,4.4125,,0,0,0,0,311,128,0,,,,7.809907121,,,,0,10.7,,,,,,,,,,,,,,,,,,,,,,,,
ColsMa00,NO,WR,Marques Colston,3.7,0,0,,,,2.5,21.4,6.866666667,,0,0,0,0,311,128,0,,,,7.809907121,,,,0,18.9,,,,,,,,,,,,,,,,,,,,,,,,
HarrDw00,NYG,WR,Dwayne Harris,17.2,0,,,,,0.6,17.2,9.25,,0,0,0,0,311,128,0,,,,7.809907121,,,,0,16.6,,,,,,,,,,,,,,,,,,,,,,,,
JoneJa03,PIT,WR,Jacoby Jones,0,0,,,0,0,0,0,0,,0,0,0,0,311,128,0,,,,7.809907121,,,,0,0,,,,,,,,,,,,,,,,,,,,,,,,
MattCh00,SEA,WR,Chris Matthews,0,0.16,,0,4.7,4.2,1.3,2.6,1.85,29,0,0,4500,0,311,128,0,,,,7.809907121,,,,0,1.3,,,,,,,,,,,,,,,,,,,,,,,,
MoorMa02,CLE,WR,Marlon Moore,0,0,,,,,2,2,2,,0,0,0,0,311,128,0,,,,7.809907121,,,,0,0,,,,,,,,,,,,,,,,,,,,,,,,
RossJe01,BAL,WR,Jeremy Ross,-2,1.789,,,3.7,3.72,3.4,5.1,4.033333333,2,0,0,4500,0,311,128,0,STL,2.4,C-Game,3.2,4500,1407.7,0.71,0,1.7,,1,3,13.8,18,19.6,24,26.8,2,13.7,2,26.2,16,7.9,19,13.5,27,8.4,5,63.3,9,88.7,22,8.6
SneaWi00,NO,WR,Willie Snead,0,0,,,,,4,21.1,10.91111111,,0,0,0,0,311,128,0,,,,7.809907121,,,,0,17.1,,,,,,,,,,,,,,,,,,,,,,,,
BohaTo00,NYJ,FB,Tommy Bohanon,2.3,1.552,0,1.552,0.1,0.065,0.2,4.6,2.366666667,,,,,,,,,,,,7.809907121,,,,0,4.4,,,,,,,,,,,,,,,,,,,,,,,,
BrowPh00,CAR,WR,Corey Brown,1.3,3.302,,,,,0,0,0,,,,,,,,,,,,7.809907121,,,,0,,,,,,,,,,,,,,,,,,,,,,,,,
BullRa00,NYJ,K,Randy Bullock,15,5,,,,,0,0,0,,,,,,,,,,,,7.809907121,,,,0,,,,,,,,,,,,,,,,,,,,,,,,,
GayxJo00,BUF,K,Jordan Gay,0,0,,0,,,0,0,0,,,,,,,,,,,,7.809907121,,,,0,0,,,,,,,,,,,,,,,,,,,,,,,,
GinnTe00,CAR,WR,Ted Ginn,6.5,6.053,4.8,5.98,,,2.3,14.8,8.4,,,,,,,,,WAS,6.9,C-Game,8.5,5200,610,1.64,0,12.5,,1,13,16.5,8,15.8,7,19.7,20,24.3,13,35.1,9,5.5,10,10.3,13,6.8,11,68.9,7,88.4,12,6.9
KrofTy00,CIN,TE,Tyler Kroft,0,0.02,,0.02,0,0,0,0,0,,,,,,,,,,,,7.809907121,,,,0,0,,,,,,,,,,,,,,,,,,,,,,,,
WelkWe00,STL,WR,Wes Welker,4.7,3.51,,,,,0,0,0,,,,,,,,,,,,7.809907121,,,,0,,,,,,,,,,,,,,,,,,,,,,,,,
